MUNICIPIO_COD;MUNICIPIO_NOME;TIPO;DIA;MES;ANO;RISP;RMBH;VITIMAS
314390;MURIAE;TENTADO;2;1;2018;4;-;1
312410;ESMERALDAS;TENTADO;3;1;2018;2;RMBH;1
317080;VARZEA DA PALMA;TENTADO;6;1;2018;14;-;2
315000;PESCADOR;TENTADO;8;1;2018;15;-;1
310620;BELO HORIZONTE;TENTADO;9;1;2018;1;RMBH;1
316860;TEOFILO OTONI;TENTADO;11;1;2018;15;-;1
310620;BELO HORIZONTE;TENTADO;14;1;2018;1;RMBH;1
314120;MATUTINA;TENTADO;16;1;2018;10;-;1
315460;RIBEIRAO DAS NEVES;TENTADO;16;1;2018;2;RMBH;1
310270;CACHOEIRA DE PAJEU;TENTADO;17;1;2018;15;-;1
313510;JANAUBA;TENTADO;18;1;2018;11;-;2
316860;TEOFILO OTONI;TENTADO;18;1;2018;15;-;1
310620;BELO HORIZONTE;TENTADO;20;1;2018;1;RMBH;1
312770;GOVERNADOR VALADARES;TENTADO;20;1;2018;8;-;1
310620;BELO HORIZONTE;TENTADO;22;1;2018;1;RMBH;1
316970;TURMALINA;TENTADO;22;1;2018;14;-;1
315895;SANTANA DO PARAISO;TENTADO;27;1;2018;12;-;1
313620;JOAO MONLEVADE;TENTADO;28;1;2018;12;-;1
317010;UBERABA;TENTADO;31;1;2018;5;-;1
312760;GOUVEIA;TENTADO;2;2;2018;14;-;2
312760;GOUVEIA;TENTADO;9;2;2018;14;-;2
312760;GOUVEIA;TENTADO;10;2;2018;14;-;1
311000;CAETE;TENTADO;11;2;2018;3;RMBH;1
311455;CARNEIRINHO;TENTADO;11;2;2018;5;-;1
310610;BELMIRO BRAGA;TENTADO;13;2;2018;4;-;1
315120;PIRAPORA;TENTADO;13;2;2018;14;-;1
316720;SETE LAGOAS;TENTADO;13;2;2018;19;-;1
316870;TIMOTEO;TENTADO;13;2;2018;12;-;1
314675;PALMOPOLIS;TENTADO;18;2;2018;15;-;2
317020;UBERLANDIA;TENTADO;20;2;2018;9;-;2
314090;MATIPO;TENTADO;24;2;2018;12;-;1
316680;SERRA DO SALITRE;TENTADO;24;2;2018;10;-;1
314330;MONTES CLAROS;TENTADO;25;2;2018;11;-;1
314790;PASSOS;TENTADO;25;2;2018;18;-;1
312980;IBIRITE;TENTADO;28;2;2018;2;RMBH;1
315150;PIUMHI;TENTADO;28;2;2018;18;-;1
313550;JEQUERI;TENTADO;1;3;2018;12;-;1
311205;CANTAGALO;TENTADO;3;3;2018;8;-;1
310620;BELO HORIZONTE;TENTADO;6;3;2018;1;RMBH;2
311230;CAPELINHA;TENTADO;6;3;2018;14;-;1
310375;ARAPORA;TENTADO;10;3;2018;9;-;1
313440;ITURAMA;TENTADO;10;3;2018;5;-;1
313670;JUIZ DE FORA;TENTADO;11;3;2018;4;-;1
315670;SABARA;TENTADO;12;3;2018;3;RMBH;2
315725;SANTA BARBARA DO LESTE;TENTADO;13;3;2018;12;-;1
312770;GOVERNADOR VALADARES;TENTADO;15;3;2018;8;-;1
311860;CONTAGEM;TENTADO;16;3;2018;2;RMBH;1
312160;DIAMANTINA;TENTADO;18;3;2018;14;-;1
312660;FRANCISCO DUMONT;TENTADO;18;3;2018;11;-;1
316720;SETE LAGOAS;TENTADO;21;3;2018;19;-;1
310020;ABAETE;TENTADO;22;3;2018;7;-;1
314460;NEPOMUCENO;TENTADO;24;3;2018;6;-;1
310980;CACHOEIRA DOURADA;TENTADO;25;3;2018;9;-;1
313130;IPATINGA;TENTADO;25;3;2018;12;-;1
314330;MONTES CLAROS;TENTADO;26;3;2018;11;-;1
310620;BELO HORIZONTE;TENTADO;2;4;2018;1;RMBH;1
310670;BETIM;TENTADO;4;4;2018;2;RMBH;1
310940;BURITIZEIRO;TENTADO;5;4;2018;14;-;1
310620;BELO HORIZONTE;TENTADO;6;4;2018;1;RMBH;2
315850;SANTANA DE PIRAPAMA;TENTADO;6;4;2018;19;-;1
310620;BELO HORIZONTE;TENTADO;7;4;2018;1;RMBH;1
317103;VERDELANDIA;TENTADO;7;4;2018;11;-;1
317120;VESPASIANO;TENTADO;8;4;2018;3;RMBH;1
317020;UBERLANDIA;TENTADO;10;4;2018;9;-;1
315460;RIBEIRAO DAS NEVES;TENTADO;13;4;2018;2;RMBH;1
310240;ALVORADA DE MINAS;TENTADO;15;4;2018;14;-;1
317010;UBERABA;TENTADO;15;4;2018;5;-;1
314520;NOVA SERRANA;TENTADO;17;4;2018;7;-;1
315780;SANTA LUZIA;TENTADO;17;4;2018;3;RMBH;1
312770;GOVERNADOR VALADARES;TENTADO;18;4;2018;8;-;1
310620;BELO HORIZONTE;TENTADO;19;4;2018;1;RMBH;1
311860;CONTAGEM;TENTADO;19;4;2018;2;RMBH;1
312090;CURVELO;TENTADO;21;4;2018;14;-;1
311860;CONTAGEM;TENTADO;22;4;2018;2;RMBH;1
313130;IPATINGA;TENTADO;24;4;2018;12;-;1
315760;SANTA FE DE MINAS;TENTADO;25;4;2018;14;-;1
313510;JANAUBA;TENTADO;27;4;2018;11;-;1
317020;UBERLANDIA;TENTADO;29;4;2018;9;-;1
317120;VESPASIANO;TENTADO;29;4;2018;3;RMBH;1
310620;BELO HORIZONTE;TENTADO;6;5;2018;1;RMBH;1
314710;PARA DE MINAS;TENTADO;6;5;2018;7;-;1
310620;BELO HORIZONTE;TENTADO;8;5;2018;1;RMBH;1
314700;PARACATU;TENTADO;10;5;2018;16;-;1
317120;VESPASIANO;TENTADO;10;5;2018;3;RMBH;1
311680;COLUNA;TENTADO;12;5;2018;8;-;1
311860;CONTAGEM;TENTADO;15;5;2018;2;RMBH;1
314100;MATO VERDE;TENTADO;15;5;2018;11;-;1
310620;BELO HORIZONTE;TENTADO;16;5;2018;1;RMBH;1
314800;PATOS DE MINAS;TENTADO;20;5;2018;10;-;1
317020;UBERLANDIA;TENTADO;20;5;2018;9;-;1
315600;RIO VERMELHO;TENTADO;21;5;2018;8;-;1
316130;SAO FRANCISCO DE SALES;TENTADO;23;5;2018;5;-;1
312770;GOVERNADOR VALADARES;TENTADO;24;5;2018;8;-;1
310620;BELO HORIZONTE;TENTADO;26;5;2018;1;RMBH;1
313270;ITAMBACURI;TENTADO;30;5;2018;15;-;1
312770;GOVERNADOR VALADARES;TENTADO;31;5;2018;8;-;1
313180;ITABIRINHA;TENTADO;31;5;2018;8;-;1
317200;VISCONDE DO RIO BRANCO;TENTADO;1;6;2018;4;-;1
310620;BELO HORIZONTE;TENTADO;6;6;2018;1;RMBH;1
315460;RIBEIRAO DAS NEVES;TENTADO;10;6;2018;2;RMBH;1
311860;CONTAGEM;TENTADO;11;6;2018;2;RMBH;1
313260;ITAMARATI DE MINAS;TENTADO;12;6;2018;4;-;1
315350;ALTO JEQUITIBA;TENTADO;13;6;2018;12;-;1
310630;BELO ORIENTE;TENTADO;13;6;2018;12;-;1
313130;IPATINGA;TENTADO;14;6;2018;12;-;1
313130;IPATINGA;TENTADO;15;6;2018;12;-;1
316556;SEM-PEIXE;TENTADO;15;6;2018;12;-;1
315690;SACRAMENTO;TENTADO;16;6;2018;5;-;1
310690;BICAS;TENTADO;17;6;2018;4;-;1
314800;PATOS DE MINAS;TENTADO;21;6;2018;10;-;1
310620;BELO HORIZONTE;TENTADO;23;6;2018;1;RMBH;1
310445;ARICANDUVA;TENTADO;24;6;2018;14;-;1
313670;JUIZ DE FORA;TENTADO;25;6;2018;4;-;1
315210;PONTE NOVA;TENTADO;25;6;2018;12;-;1
317010;UBERABA;TENTADO;27;6;2018;5;-;1
310620;BELO HORIZONTE;TENTADO;28;6;2018;1;RMBH;2
315790;SANTA MARGARIDA;TENTADO;28;6;2018;12;-;1
312707;FRUTA DE LEITE;TENTADO;30;6;2018;11;-;1
313960;MANTENA;TENTADO;2;7;2018;8;-;1
316510;SAO TOMAS DE AQUINO;TENTADO;2;7;2018;18;-;2
310830;BORDA DA MATA;TENTADO;4;7;2018;17;-;1
316255;SAO JOAO DO MANHUACU;TENTADO;6;7;2018;12;-;1
310400;ARAXA;TENTADO;7;7;2018;5;-;1
311340;CARATINGA;TENTADO;8;7;2018;12;-;1
315120;PIRAPORA;TENTADO;10;7;2018;14;-;1
315460;RIBEIRAO DAS NEVES;TENTADO;11;7;2018;2;RMBH;1
310620;BELO HORIZONTE;TENTADO;13;7;2018;1;RMBH;2
316240;SAO JOAO DA PONTE;TENTADO;13;7;2018;11;-;1
310030;ABRE-CAMPO;TENTADO;14;7;2018;12;-;1
315890;SANTANA DO MANHUACU;TENTADO;14;7;2018;12;-;1
312245;DIVISOPOLIS;TENTADO;15;7;2018;15;-;1
316800;TAIOBEIRAS;TENTADO;16;7;2018;11;-;1
311710;CONCEICAO DA APARECIDA;TENTADO;20;7;2018;18;-;1
313550;JEQUERI;TENTADO;21;7;2018;12;-;1
310670;BETIM;TENTADO;22;7;2018;2;RMBH;1
310670;BETIM;TENTADO;24;7;2018;2;RMBH;1
315730;SANTA BARBARA DO TUGURIO;TENTADO;26;7;2018;13;-;1
312733;GAMELEIRAS;TENTADO;27;7;2018;11;-;1
310170;ALMENARA;TENTADO;28;7;2018;15;-;1
310620;BELO HORIZONTE;TENTADO;28;7;2018;1;RMBH;1
313940;MANHUACU;TENTADO;28;7;2018;12;-;1
316550;SARDOA;TENTADO;28;7;2018;8;-;1
316860;TEOFILO OTONI;TENTADO;29;7;2018;15;-;1
310620;BELO HORIZONTE;TENTADO;3;8;2018;1;RMBH;1
310530;BANDEIRA DO SUL;TENTADO;5;8;2018;18;-;1
310060;AGUA BOA;TENTADO;6;8;2018;14;-;1
315780;SANTA LUZIA;TENTADO;6;8;2018;3;RMBH;1
313630;JOAO PINHEIRO;TENTADO;8;8;2018;16;-;1
314430;NANUQUE;TENTADO;8;8;2018;15;-;1
314015;MARIO CAMPOS;TENTADO;11;8;2018;2;RMBH;2
310620;BELO HORIZONTE;TENTADO;12;8;2018;1;RMBH;1
314460;NEPOMUCENO;TENTADO;12;8;2018;6;-;1
315990;SANTO ANTONIO DO AMPARO;TENTADO;16;8;2018;6;-;1
316970;TURMALINA;TENTADO;18;8;2018;14;-;1
313770;LAJINHA;TENTADO;19;8;2018;12;-;1
316760;SIMONESIA;TENTADO;23;8;2018;12;-;1
310620;BELO HORIZONTE;TENTADO;24;8;2018;1;RMBH;2
317020;UBERLANDIA;TENTADO;24;8;2018;9;-;1
310470;ATALEIA;TENTADO;25;8;2018;15;-;1
311860;CONTAGEM;TENTADO;25;8;2018;2;RMBH;1
314860;PECANHA;TENTADO;25;8;2018;8;-;2
315680;SABINOPOLIS;TENTADO;25;8;2018;8;-;1
311320;CARANDAI;TENTADO;28;8;2018;13;-;1
316840;TARUMIRIM;TENTADO;2;9;2018;8;-;1
317070;VARGINHA;TENTADO;3;9;2018;6;-;1
311940;CORONEL FABRICIANO;TENTADO;6;9;2018;12;-;2
313620;JOAO MONLEVADE;TENTADO;7;9;2018;12;-;1
313670;JUIZ DE FORA;TENTADO;7;9;2018;4;-;1
315670;SABARA;TENTADO;7;9;2018;3;RMBH;1
310620;BELO HORIZONTE;TENTADO;8;9;2018;1;RMBH;2
315780;SANTA LUZIA;TENTADO;10;9;2018;3;RMBH;1
310670;BETIM;TENTADO;11;9;2018;2;RMBH;1
312230;DIVINOPOLIS;TENTADO;12;9;2018;7;-;1
310620;BELO HORIZONTE;TENTADO;13;9;2018;1;RMBH;1
311860;CONTAGEM;TENTADO;13;9;2018;2;RMBH;1
313840;LEOPOLDINA;TENTADO;13;9;2018;4;-;1
314710;PARA DE MINAS;TENTADO;13;9;2018;7;-;1
315180;POCOS DE CALDAS;TENTADO;13;9;2018;18;-;1
315670;SABARA;TENTADO;13;9;2018;3;RMBH;1
317020;UBERLANDIA;TENTADO;17;9;2018;9;-;1
310670;BETIM;TENTADO;19;9;2018;2;RMBH;1
314990;PERDOES;TENTADO;20;9;2018;6;-;1
317020;UBERLANDIA;TENTADO;20;9;2018;9;-;1
313350;ITAPECERICA;TENTADO;22;9;2018;7;-;1
314520;NOVA SERRANA;TENTADO;22;9;2018;7;-;1
310620;BELO HORIZONTE;TENTADO;23;9;2018;1;RMBH;1
310940;BURITIZEIRO;TENTADO;23;9;2018;14;-;1
312260;DOM JOAQUIM;TENTADO;23;9;2018;14;-;1
317200;VISCONDE DO RIO BRANCO;TENTADO;23;9;2018;4;-;1
311230;CAPELINHA;TENTADO;25;9;2018;14;-;1
310900;BRUMADINHO;TENTADO;26;9;2018;2;RMBH;1
314080;MATIAS BARBOSA;TENTADO;27;9;2018;4;-;1
313210;ITACARAMBI;TENTADO;28;9;2018;11;-;2
314015;MARIO CAMPOS;TENTADO;29;9;2018;2;RMBH;1
315000;PESCADOR;TENTADO;30;9;2018;15;-;1
311910;CORINTO;TENTADO;1;10;2018;14;-;1
314410;MUZAMBINHO;TENTADO;1;10;2018;18;-;1
310620;BELO HORIZONTE;TENTADO;3;10;2018;1;RMBH;1
314430;NANUQUE;TENTADO;5;10;2018;15;-;1
313170;ITABIRA;TENTADO;6;10;2018;12;-;1
314675;PALMOPOLIS;TENTADO;7;10;2018;15;-;1
310340;ARACUAI;TENTADO;8;10;2018;15;-;1
314330;MONTES CLAROS;TENTADO;8;10;2018;11;-;1
315780;SANTA LUZIA;TENTADO;8;10;2018;3;RMBH;1
310375;ARAPORA;TENTADO;9;10;2018;9;-;1
313670;JUIZ DE FORA;TENTADO;11;10;2018;4;-;1
314470;NOVA ERA;TENTADO;11;10;2018;12;-;1
316680;SERRA DO SALITRE;TENTADO;11;10;2018;10;-;1
315280;PRATA;TENTADO;13;10;2018;9;-;1
310620;BELO HORIZONTE;TENTADO;14;10;2018;1;RMBH;1
315460;RIBEIRAO DAS NEVES;TENTADO;15;10;2018;2;RMBH;1
317020;UBERLANDIA;TENTADO;16;10;2018;9;-;1
314480;NOVA LIMA;TENTADO;18;10;2018;3;RMBH;1
317020;UBERLANDIA;TENTADO;20;10;2018;9;-;1
310500;BALDIM;TENTADO;24;10;2018;19;RMBH;1
314860;PECANHA;TENTADO;25;10;2018;8;-;1
310620;BELO HORIZONTE;TENTADO;26;10;2018;1;RMBH;1
314790;PASSOS;TENTADO;27;10;2018;18;-;1
313900;MACHADO;TENTADO;28;10;2018;18;-;1
313550;JEQUERI;TENTADO;29;10;2018;12;-;1
311860;CONTAGEM;TENTADO;30;10;2018;2;RMBH;1
310560;BARBACENA;TENTADO;31;10;2018;13;-;1
317010;UBERABA;TENTADO;2;11;2018;5;-;1
313620;JOAO MONLEVADE;TENTADO;6;11;2018;12;-;1
312580;FERNANDES TOURINHO;TENTADO;11;11;2018;8;-;1
312770;GOVERNADOR VALADARES;TENTADO;11;11;2018;8;-;1
310620;BELO HORIZONTE;TENTADO;12;11;2018;1;RMBH;1
314120;MATUTINA;TENTADO;12;11;2018;10;-;1
311020;CAJURI;TENTADO;15;11;2018;4;-;1
313250;ITAMARANDIBA;TENTADO;16;11;2018;14;-;1
314560;OLIVEIRA;TENTADO;16;11;2018;6;-;1
314520;NOVA SERRANA;TENTADO;17;11;2018;7;-;1
317020;UBERLANDIA;TENTADO;17;11;2018;9;-;2
310620;BELO HORIZONTE;TENTADO;18;11;2018;1;RMBH;1
313920;MALACACHETA;TENTADO;20;11;2018;15;-;1
315150;PIUMHI;TENTADO;20;11;2018;18;-;1
310670;BETIM;TENTADO;22;11;2018;2;RMBH;1
310670;BETIM;TENTADO;24;11;2018;2;RMBH;1
314330;MONTES CLAROS;TENTADO;25;11;2018;11;-;2
316470;SAO SEBASTIAO PARAISO;TENTADO;27;11;2018;18;-;1
315400;RAUL SOARES;TENTADO;29;11;2018;12;-;1
311860;CONTAGEM;TENTADO;30;11;2018;2;RMBH;1
313440;ITURAMA;TENTADO;30;11;2018;5;-;1
313330;ITAOBIM;TENTADO;2;12;2018;15;-;1
317070;VARGINHA;TENTADO;3;12;2018;6;-;1
310620;BELO HORIZONTE;TENTADO;8;12;2018;1;RMBH;1
313880;LUZ;TENTADO;9;12;2018;7;-;1
317020;UBERLANDIA;TENTADO;13;12;2018;9;-;1
312200;DIVINO;TENTADO;16;12;2018;4;-;1
314700;PARACATU;TENTADO;16;12;2018;16;-;1
312200;DIVINO;TENTADO;17;12;2018;4;-;1
314330;MONTES CLAROS;TENTADO;17;12;2018;11;-;1
313925;MAMONAS;TENTADO;18;12;2018;11;-;1
316840;TARUMIRIM;TENTADO;19;12;2018;8;-;1
312900;GUIRICEMA;TENTADO;24;12;2018;4;-;1
311420;CARMO DO CAJURU;TENTADO;25;12;2018;7;-;1
311430;CARMO DO PARANAIBA;TENTADO;25;12;2018;10;-;1
311265;CAPITAO ANDRADE;TENTADO;26;12;2018;8;-;2
314505;NOVA PORTEIRINHA;TENTADO;28;12;2018;11;-;1
314520;NOVA SERRANA;TENTADO;28;12;2018;7;-;1
310630;BELO ORIENTE;TENTADO;30;12;2018;12;-;1
317050;URUCANIA;TENTADO;30;12;2018;12;-;1
315780;SANTA LUZIA;TENTADO;31;12;2018;3;RMBH;1
317020;UBERLANDIA;TENTADO;3;1;2019;9;-;1
310620;BELO HORIZONTE;TENTADO;5;1;2019;1;RMBH;1
313380;ITAUNA;TENTADO;5;1;2019;7;-;1
312090;CURVELO;TENTADO;6;1;2019;14;-;1
315570;RIO PIRACICABA;TENTADO;8;1;2019;12;-;1
310740;BOM DESPACHO;TENTADO;11;1;2019;7;-;1
311650;CLARO DOS POCOES;TENTADO;13;1;2019;11;-;1
311860;CONTAGEM;TENTADO;13;1;2019;2;RMBH;1
311860;CONTAGEM;TENTADO;16;1;2019;2;RMBH;1
313507;JAMPRUCA;TENTADO;19;1;2019;15;-;1
315600;RIO VERMELHO;TENTADO;20;1;2019;8;-;1
316250;SAO JOAO DEL REI;TENTADO;20;1;2019;13;-;1
310620;BELO HORIZONTE;TENTADO;21;1;2019;1;RMBH;1
311340;CARATINGA;TENTADO;25;1;2019;12;-;1
317010;UBERABA;TENTADO;25;1;2019;5;-;1
310500;BALDIM;TENTADO;27;1;2019;19;RMBH;1
314930;PEDRO LEOPOLDO;TENTADO;28;1;2019;19;RMBH;1
314800;PATOS DE MINAS;TENTADO;29;1;2019;10;-;1
310620;BELO HORIZONTE;TENTADO;1;2;2019;1;RMBH;1
310160;ALFENAS;TENTADO;2;2;2019;18;-;1
310620;BELO HORIZONTE;TENTADO;2;2;2019;1;RMBH;1
314720;PARAGUACU;TENTADO;3;2;2019;18;-;1
310390;ARAUJOS;TENTADO;14;2;2019;7;-;1
315600;RIO VERMELHO;TENTADO;14;2;2019;8;-;1
310400;ARAXA;TENTADO;18;2;2019;5;-;2
310250;AMPARO DA SERRA;TENTADO;20;2;2019;12;-;1
316250;SAO JOAO DEL REI;TENTADO;22;2;2019;13;-;1
315780;SANTA LUZIA;TENTADO;23;2;2019;3;RMBH;1
311783;CONEGO MARINHO;TENTADO;24;2;2019;11;-;1
313950;MANHUMIRIM;TENTADO;26;2;2019;12;-;1
314480;NOVA LIMA;TENTADO;26;2;2019;3;RMBH;1
316760;SIMONESIA;TENTADO;27;2;2019;12;-;1
313760;LAGOA SANTA;TENTADO;28;2;2019;3;RMBH;1
316930;TRES CORACOES;TENTADO;28;2;2019;6;-;1
313657;JOSENOPOLIS;TENTADO;3;3;2019;11;-;1
310870;BRAS PIRES;TENTADO;4;3;2019;4;-;1
312200;DIVINO;TENTADO;5;3;2019;4;-;1
310340;ARACUAI;TENTADO;6;3;2019;15;-;1
311750;CONCEICAO DO MATO DENTRO;TENTADO;8;3;2019;14;-;1
310620;BELO HORIZONTE;TENTADO;9;3;2019;1;RMBH;1
313940;MANHUACU;TENTADO;14;3;2019;12;-;1
313400;ITINGA;TENTADO;17;3;2019;15;-;1
315180;POCOS DE CALDAS;TENTADO;17;3;2019;18;-;1
310620;BELO HORIZONTE;TENTADO;18;3;2019;1;RMBH;1
312780;GRAO-MOGOL;TENTADO;18;3;2019;11;-;1
312510;EXTREMA;TENTADO;23;3;2019;17;-;1
315780;SANTA LUZIA;TENTADO;23;3;2019;3;RMBH;1
310620;BELO HORIZONTE;TENTADO;24;3;2019;1;RMBH;1
310940;BURITIZEIRO;TENTADO;25;3;2019;14;-;1
310240;ALVORADA DE MINAS;TENTADO;31;3;2019;14;-;1
311840;CONSELHEIRO PENA;TENTADO;2;4;2019;8;-;1
310620;BELO HORIZONTE;TENTADO;6;4;2019;1;RMBH;1
314970;PERDIGAO;TENTADO;6;4;2019;7;-;1
310620;BELO HORIZONTE;TENTADO;7;4;2019;1;RMBH;1
310620;BELO HORIZONTE;TENTADO;14;4;2019;1;RMBH;1
315670;SABARA;TENTADO;16;4;2019;3;RMBH;2
317070;VARGINHA;TENTADO;19;4;2019;6;-;1
312530;FARIA LEMOS;TENTADO;22;4;2019;4;-;1
312770;GOVERNADOR VALADARES;TENTADO;28;4;2019;8;-;1
311830;CONSELHEIRO LAFAIETE;TENTADO;29;4;2019;13;-;1
316970;TURMALINA;TENTADO;29;4;2019;14;-;1
317070;VARGINHA;TENTADO;29;4;2019;6;-;1
310620;BELO HORIZONTE;TENTADO;30;4;2019;1;RMBH;1
315570;RIO PIRACICABA;TENTADO;1;5;2019;12;-;1
316880;TIRADENTES;TENTADO;2;5;2019;13;-;1
315460;RIBEIRAO DAS NEVES;TENTADO;5;5;2019;2;RMBH;1
311670;COIMBRA;TENTADO;6;5;2019;4;-;1
317020;UBERLANDIA;TENTADO;10;5;2019;9;-;1
310670;BETIM;TENTADO;12;5;2019;2;RMBH;1
310900;BRUMADINHO;TENTADO;12;5;2019;2;RMBH;1
313670;JUIZ DE FORA;TENTADO;12;5;2019;4;-;1
311860;CONTAGEM;TENTADO;13;5;2019;2;RMBH;1
312770;GOVERNADOR VALADARES;TENTADO;14;5;2019;8;-;1
311860;CONTAGEM;TENTADO;19;5;2019;2;RMBH;1
317010;UBERABA;TENTADO;19;5;2019;5;-;2
316870;TIMOTEO;TENTADO;23;5;2019;12;-;1
314000;MARIANA;TENTADO;24;5;2019;3;-;1
316110;SAO FRANCISCO;TENTADO;25;5;2019;11;-;1
310620;BELO HORIZONTE;TENTADO;26;5;2019;1;RMBH;1
315770;SANTA JULIANA;TENTADO;26;5;2019;5;-;1
314330;MONTES CLAROS;TENTADO;28;5;2019;11;-;1
311860;CONTAGEM;TENTADO;29;5;2019;2;RMBH;1
310620;BELO HORIZONTE;TENTADO;30;5;2019;1;RMBH;2
311470;CARVALHOPOLIS;TENTADO;31;5;2019;18;-;1
315210;PONTE NOVA;TENTADO;2;6;2019;12;-;1
315120;PIRAPORA;TENTADO;3;6;2019;14;-;1
310670;BETIM;TENTADO;4;6;2019;2;RMBH;1
314960;PEQUI;TENTADO;4;6;2019;7;-;1
310620;BELO HORIZONTE;TENTADO;6;6;2019;1;RMBH;1
310620;BELO HORIZONTE;TENTADO;12;6;2019;1;RMBH;1
315720;SANTA BARBARA;TENTADO;13;6;2019;12;-;1
312770;GOVERNADOR VALADARES;TENTADO;16;6;2019;8;-;1
312110;DELFIM MOREIRA;TENTADO;17;6;2019;17;-;1
313670;JUIZ DE FORA;TENTADO;17;6;2019;4;-;1
314610;OURO PRETO;TENTADO;22;6;2019;3;-;1
315250;POUSO ALEGRE;TENTADO;24;6;2019;17;-;1
310510;BAMBUI;TENTADO;26;6;2019;7;-;1
310400;ARAXA;TENTADO;29;6;2019;5;-;1
313550;JEQUERI;TENTADO;29;6;2019;12;-;1
315460;RIBEIRAO DAS NEVES;TENTADO;29;6;2019;2;RMBH;1
312733;GAMELEIRAS;TENTADO;1;7;2019;11;-;1
310620;BELO HORIZONTE;TENTADO;2;7;2019;1;RMBH;1
310670;BETIM;TENTADO;2;7;2019;2;RMBH;1
310620;BELO HORIZONTE;TENTADO;6;7;2019;1;RMBH;1
310900;BRUMADINHO;TENTADO;13;7;2019;2;RMBH;1
311660;CLAUDIO;TENTADO;14;7;2019;7;-;1
310740;BOM DESPACHO;TENTADO;15;7;2019;7;-;1
314590;OURO BRANCO;TENTADO;16;7;2019;13;-;1
310640;BELO VALE;TENTADO;17;7;2019;13;-;1
313620;JOAO MONLEVADE;TENTADO;18;7;2019;12;-;1
314530;NOVO CRUZEIRO;TENTADO;19;7;2019;15;-;1
316870;TIMOTEO;TENTADO;20;7;2019;12;-;1
310620;BELO HORIZONTE;TENTADO;23;7;2019;1;RMBH;1
310620;BELO HORIZONTE;TENTADO;28;7;2019;1;RMBH;1
312980;IBIRITE;TENTADO;2;8;2019;2;RMBH;1
310620;BELO HORIZONTE;TENTADO;3;8;2019;1;RMBH;1
310640;BELO VALE;TENTADO;4;8;2019;13;-;1
310670;BETIM;TENTADO;4;8;2019;2;RMBH;1
315670;SABARA;TENTADO;4;8;2019;3;RMBH;1
311860;CONTAGEM;TENTADO;12;8;2019;2;RMBH;1
312980;IBIRITE;TENTADO;13;8;2019;2;RMBH;1
316720;SETE LAGOAS;TENTADO;14;8;2019;19;-;1
310620;BELO HORIZONTE;TENTADO;17;8;2019;1;RMBH;1
314740;PARAOPEBA;TENTADO;18;8;2019;19;-;1
312770;GOVERNADOR VALADARES;TENTADO;19;8;2019;8;-;1
313420;ITUIUTABA;TENTADO;19;8;2019;9;-;1
310620;BELO HORIZONTE;TENTADO;20;8;2019;1;RMBH;1
310620;BELO HORIZONTE;TENTADO;22;8;2019;1;RMBH;1
313670;JUIZ DE FORA;TENTADO;30;8;2019;4;-;1
317020;UBERLANDIA;TENTADO;1;9;2019;9;-;1
310450;ARINOS;TENTADO;2;9;2019;16;-;1
313250;ITAMARANDIBA;TENTADO;3;9;2019;14;-;1
316720;SETE LAGOAS;TENTADO;4;9;2019;19;-;1
310300;ANTONIO DIAS;TENTADO;6;9;2019;12;-;1
312770;GOVERNADOR VALADARES;TENTADO;7;9;2019;8;-;1
313270;ITAMBACURI;TENTADO;10;9;2019;15;-;1
314790;PASSOS;TENTADO;10;9;2019;18;-;1
316870;TIMOTEO;TENTADO;11;9;2019;12;-;1
310730;BOCAIUVA;TENTADO;13;9;2019;11;-;1
314520;NOVA SERRANA;TENTADO;13;9;2019;7;-;1
313540;JECEABA;TENTADO;14;9;2019;13;-;1
313960;MANTENA;TENTADO;14;9;2019;8;-;1
312737;GOIABEIRA;TENTADO;15;9;2019;8;-;1
310670;BETIM;TENTADO;16;9;2019;2;RMBH;1
315460;RIBEIRAO DAS NEVES;TENTADO;16;9;2019;2;RMBH;1
313670;JUIZ DE FORA;TENTADO;17;9;2019;4;-;1
314870;PEDRA AZUL;TENTADO;19;9;2019;15;-;1
316720;SETE LAGOAS;TENTADO;20;9;2019;19;-;1
312160;DIAMANTINA;TENTADO;21;9;2019;14;-;1
310855;BRASILANDIA DE MINAS;TENTADO;22;9;2019;16;-;1
317130;VICOSA;TENTADO;1;10;2019;4;-;1
311890;CORDISBURGO;TENTADO;2;10;2019;19;-;1
313130;IPATINGA;TENTADO;2;10;2019;12;-;1
314330;MONTES CLAROS;TENTADO;2;10;2019;11;-;1
313130;IPATINGA;TENTADO;3;10;2019;12;-;1
310620;BELO HORIZONTE;TENTADO;4;10;2019;1;RMBH;2
310350;ARAGUARI;TENTADO;5;10;2019;9;-;1
310840;BOTELHOS;TENTADO;9;10;2019;18;-;1
315780;SANTA LUZIA;TENTADO;11;10;2019;3;RMBH;1
310780;BOM JESUS DO GALHO;TENTADO;12;10;2019;12;-;1
313670;JUIZ DE FORA;TENTADO;12;10;2019;4;-;1
317020;UBERLANDIA;TENTADO;12;10;2019;9;-;1
316720;SETE LAGOAS;TENTADO;15;10;2019;19;-;1
317020;UBERLANDIA;TENTADO;18;10;2019;9;-;1
313350;ITAPECERICA;TENTADO;19;10;2019;7;-;1
315150;PIUMHI;TENTADO;19;10;2019;18;-;1
311070;CAMBUQUIRA;TENTADO;20;10;2019;6;-;1
311860;CONTAGEM;TENTADO;21;10;2019;2;RMBH;2
314520;NOVA SERRANA;TENTADO;24;10;2019;7;-;1
316940;TRES PONTAS;TENTADO;27;10;2019;6;-;1
310350;ARAGUARI;TENTADO;1;11;2019;9;-;1
311120;CAMPO BELO;TENTADO;1;11;2019;6;-;1
311860;CONTAGEM;TENTADO;3;11;2019;2;RMBH;1
314480;NOVA LIMA;TENTADO;3;11;2019;3;RMBH;1
310620;BELO HORIZONTE;TENTADO;5;11;2019;1;RMBH;1
311070;CAMBUQUIRA;TENTADO;5;11;2019;6;-;1
317000;UBAI;TENTADO;9;11;2019;11;-;1
311680;COLUNA;TENTADO;10;11;2019;8;-;1
316292;SAO JOAQUIM DE BICAS;TENTADO;11;11;2019;2;RMBH;1
314800;PATOS DE MINAS;TENTADO;14;11;2019;10;-;1
310120;AIURUOCA;TENTADO;16;11;2019;17;-;1
312490;EUGENOPOLIS;TENTADO;16;11;2019;4;-;1
310620;BELO HORIZONTE;TENTADO;17;11;2019;1;RMBH;1
311860;CONTAGEM;TENTADO;24;11;2019;2;RMBH;1
315620;ROCHEDO DE MINAS;TENTADO;26;11;2019;4;-;1
313330;ITAOBIM;TENTADO;1;12;2019;15;-;1
315670;SABARA;TENTADO;1;12;2019;3;RMBH;1
312100;DATAS;TENTADO;3;12;2019;14;-;1
313670;JUIZ DE FORA;TENTADO;3;12;2019;4;-;1
315250;POUSO ALEGRE;TENTADO;3;12;2019;17;-;1
310620;BELO HORIZONTE;TENTADO;5;12;2019;1;RMBH;1
312160;DIAMANTINA;TENTADO;5;12;2019;14;-;1
310620;BELO HORIZONTE;TENTADO;7;12;2019;1;RMBH;1
313120;IPANEMA;TENTADO;12;12;2019;12;-;1
313670;JUIZ DE FORA;TENTADO;12;12;2019;4;-;1
310620;BELO HORIZONTE;TENTADO;13;12;2019;1;RMBH;1
312160;DIAMANTINA;TENTADO;13;12;2019;14;-;1
313520;JANUARIA;TENTADO;14;12;2019;11;-;1
314535;NOVO ORIENTE DE MINAS;TENTADO;15;12;2019;15;-;1
311740;CONCEICAO DE IPANEMA;TENTADO;16;12;2019;12;-;1
315780;SANTA LUZIA;TENTADO;16;12;2019;3;RMBH;1
317020;UBERLANDIA;TENTADO;16;12;2019;9;-;1
313670;JUIZ DE FORA;TENTADO;19;12;2019;4;-;1
317120;VESPASIANO;TENTADO;19;12;2019;3;RMBH;1
310620;BELO HORIZONTE;TENTADO;21;12;2019;1;RMBH;1
316720;SETE LAGOAS;TENTADO;21;12;2019;19;-;1
313940;MANHUACU;TENTADO;22;12;2019;12;-;1
310620;BELO HORIZONTE;TENTADO;23;12;2019;1;RMBH;1
315180;POCOS DE CALDAS;TENTADO;23;12;2019;18;-;1
314110;MATOZINHOS;TENTADO;24;12;2019;19;RMBH;1
313640;JOAQUIM FELICIO;TENTADO;25;12;2019;14;-;1
311860;CONTAGEM;TENTADO;26;12;2019;2;RMBH;1
312710;FRUTAL;TENTADO;26;12;2019;5;-;1
312770;GOVERNADOR VALADARES;TENTADO;26;12;2019;8;-;1
315490;RIO CASCA;TENTADO;26;12;2019;12;-;1
310620;BELO HORIZONTE;TENTADO;27;12;2019;1;RMBH;2
310620;BELO HORIZONTE;TENTADO;28;12;2019;1;RMBH;1
315460;RIBEIRAO DAS NEVES;TENTADO;28;12;2019;2;RMBH;1
311120;CAMPO BELO;TENTADO;31;12;2019;6;-;1
311250;CAPIM BRANCO;TENTADO;31;12;2019;19;RMBH;1
311000;CAETE;TENTADO;1;1;2020;3;RMBH;1
312700;FRONTEIRA;TENTADO;1;1;2020;5;-;1
314330;MONTES CLAROS;TENTADO;2;1;2020;11;-;1
310620;BELO HORIZONTE;TENTADO;4;1;2020;1;RMBH;1
312510;EXTREMA;TENTADO;4;1;2020;17;-;1
312400;ERVALIA;TENTADO;6;1;2020;4;-;1
317020;UBERLANDIA;TENTADO;6;1;2020;9;-;1
311615;CHAPADA GAUCHA;TENTADO;8;1;2020;16;-;1
310620;BELO HORIZONTE;TENTADO;10;1;2020;1;RMBH;1
314990;PERDOES;TENTADO;11;1;2020;6;-;1
315780;SANTA LUZIA;TENTADO;12;1;2020;3;RMBH;1
314860;PECANHA;TENTADO;17;1;2020;8;-;1
316470;SAO SEBASTIAO PARAISO;TENTADO;18;1;2020;18;-;1
314200;MIRABELA;TENTADO;22;1;2020;11;-;1
317020;UBERLANDIA;TENTADO;23;1;2020;9;-;1
311150;CAMPOS ALTOS;TENTADO;26;1;2020;5;-;1
313670;JUIZ DE FORA;TENTADO;28;1;2020;4;-;1
311750;CONCEICAO DO MATO DENTRO;TENTADO;29;1;2020;14;-;1
311840;CONSELHEIRO PENA;TENTADO;1;2;2020;8;-;1
312800;GUANHAES;TENTADO;1;2;2020;8;-;1
314520;NOVA SERRANA;TENTADO;4;2;2020;7;-;1
310620;BELO HORIZONTE;TENTADO;6;2;2020;1;RMBH;1
312370;ENGENHEIRO CALDAS;TENTADO;7;2;2020;8;-;1
315570;RIO PIRACICABA;TENTADO;8;2;2020;12;-;1
310620;BELO HORIZONTE;TENTADO;9;2;2020;1;RMBH;1
314710;PARA DE MINAS;TENTADO;9;2;2020;7;-;1
315980;SANTA VITORIA;TENTADO;12;2;2020;9;-;1
312160;DIAMANTINA;TENTADO;14;2;2020;14;-;1
313720;LAGOA DA PRATA;TENTADO;14;2;2020;7;-;1
315200;POMPEU;TENTADO;15;2;2020;7;-;1
315080;PIRANGA;TENTADO;16;2;2020;13;-;1
317020;UBERLANDIA;TENTADO;16;2;2020;9;-;1
313120;IPANEMA;TENTADO;17;2;2020;12;-;1
310240;ALVORADA DE MINAS;TENTADO;21;2;2020;14;-;1
311860;CONTAGEM;TENTADO;22;2;2020;2;RMBH;2
310620;BELO HORIZONTE;TENTADO;24;2;2020;1;RMBH;1
312710;FRUTAL;TENTADO;25;2;2020;5;-;1
311680;COLUNA;TENTADO;26;2;2020;8;-;1
310670;BETIM;TENTADO;28;2;2020;2;RMBH;1
313170;ITABIRA;TENTADO;28;2;2020;12;-;1
315180;POCOS DE CALDAS;TENTADO;29;2;2020;18;-;1
314950;PEQUERI;TENTADO;3;3;2020;4;-;1
312980;IBIRITE;TENTADO;4;3;2020;2;RMBH;1
315670;SABARA;TENTADO;5;3;2020;3;RMBH;1
311860;CONTAGEM;TENTADO;6;3;2020;2;RMBH;1
314330;MONTES CLAROS;TENTADO;8;3;2020;11;-;1
315460;RIBEIRAO DAS NEVES;TENTADO;9;3;2020;2;RMBH;1
316990;UBA;TENTADO;11;3;2020;4;-;1
310620;BELO HORIZONTE;TENTADO;13;3;2020;1;RMBH;1
317040;UNAI;TENTADO;15;3;2020;16;-;1
310620;BELO HORIZONTE;TENTADO;16;3;2020;1;RMBH;1
316245;SAO JOAO DAS MISSOES;TENTADO;19;3;2020;11;-;1
315630;RODEIRO;TENTADO;20;3;2020;4;-;1
311500;CASCALHO RICO;TENTADO;21;3;2020;9;-;1
310370;ARAPONGA;TENTADO;29;3;2020;4;-;1
317107;VEREDINHA;TENTADO;30;3;2020;14;-;1
313820;LAVRAS;TENTADO;31;3;2020;6;-;1
312710;FRUTAL;TENTADO;3;4;2020;5;-;1
315460;RIBEIRAO DAS NEVES;TENTADO;3;4;2020;2;RMBH;1
310620;BELO HORIZONTE;TENTADO;4;4;2020;1;RMBH;1
317010;UBERABA;TENTADO;5;4;2020;5;-;1
310670;BETIM;TENTADO;10;4;2020;2;RMBH;1
310940;BURITIZEIRO;TENTADO;12;4;2020;14;-;1
312010;COUTO DE MAGALHAES DE MINAS;TENTADO;16;4;2020;14;-;1
310350;ARAGUARI;TENTADO;18;4;2020;9;-;1
317020;UBERLANDIA;TENTADO;18;4;2020;9;-;1
311860;CONTAGEM;TENTADO;19;4;2020;2;RMBH;1
314875;PEDRA BONITA;TENTADO;25;4;2020;12;-;1
310620;BELO HORIZONTE;TENTADO;27;4;2020;1;RMBH;1
314180;MINAS NOVAS;TENTADO;1;5;2020;14;-;1
314610;OURO PRETO;TENTADO;5;5;2020;3;-;1
310620;BELO HORIZONTE;TENTADO;6;5;2020;1;RMBH;1
310620;BELO HORIZONTE;TENTADO;14;5;2020;1;RMBH;1
315690;SACRAMENTO;TENTADO;15;5;2020;5;-;1
317020;UBERLANDIA;TENTADO;16;5;2020;9;-;1
310620;BELO HORIZONTE;TENTADO;17;5;2020;1;RMBH;1
312950;IBIA;TENTADO;22;5;2020;5;-;1
310620;BELO HORIZONTE;TENTADO;23;5;2020;1;RMBH;1
310620;BELO HORIZONTE;TENTADO;24;5;2020;1;RMBH;1
316720;SETE LAGOAS;TENTADO;24;5;2020;19;-;1
316935;TRES MARIAS;TENTADO;24;5;2020;14;-;1
310620;BELO HORIZONTE;TENTADO;27;5;2020;1;RMBH;1
310620;BELO HORIZONTE;TENTADO;4;6;2020;1;RMBH;1
311860;CONTAGEM;TENTADO;4;6;2020;2;RMBH;1
313420;ITUIUTABA;TENTADO;4;6;2020;9;-;1
310375;ARAPORA;TENTADO;6;6;2020;9;-;1
314970;PERDIGAO;TENTADO;6;6;2020;7;-;1
314630;PADRE PARAISO;TENTADO;9;6;2020;15;-;1
316470;SAO SEBASTIAO PARAISO;TENTADO;9;6;2020;18;-;1
310620;BELO HORIZONTE;TENTADO;10;6;2020;1;RMBH;1
310375;ARAPORA;TENTADO;13;6;2020;9;-;1
313440;ITURAMA;TENTADO;16;6;2020;5;-;2
312840;GUARANI;TENTADO;17;6;2020;4;-;1
314170;MESQUITA;TENTADO;18;6;2020;12;-;1
311860;CONTAGEM;TENTADO;23;6;2020;2;RMBH;1
311430;CARMO DO PARANAIBA;TENTADO;24;6;2020;10;-;1
313130;IPATINGA;TENTADO;28;6;2020;12;-;1
314330;MONTES CLAROS;TENTADO;28;6;2020;11;-;1
312695;FREI LAGONEGRO;TENTADO;12;7;2020;8;-;1
310560;BARBACENA;TENTADO;14;7;2020;13;-;1
311910;CORINTO;TENTADO;15;7;2020;14;-;1
310620;BELO HORIZONTE;TENTADO;22;7;2020;1;RMBH;1
317020;UBERLANDIA;TENTADO;23;7;2020;9;-;1
312245;DIVISOPOLIS;TENTADO;29;7;2020;15;-;1
312710;FRUTAL;TENTADO;30;7;2020;5;-;1
312245;DIVISOPOLIS;TENTADO;5;8;2020;15;-;1
311420;CARMO DO CAJURU;TENTADO;6;8;2020;7;-;1
311340;CARATINGA;TENTADO;12;8;2020;12;-;1
312595;FERVEDOURO;TENTADO;16;8;2020;4;-;1
315460;RIBEIRAO DAS NEVES;TENTADO;18;8;2020;2;RMBH;1
310670;BETIM;TENTADO;19;8;2020;2;RMBH;1
316720;SETE LAGOAS;TENTADO;23;8;2020;19;-;1
317190;VIRGOLANDIA;TENTADO;27;8;2020;8;-;1
316940;TRES PONTAS;TENTADO;29;8;2020;6;-;1
311940;CORONEL FABRICIANO;TENTADO;30;8;2020;12;-;1
310620;BELO HORIZONTE;TENTADO;31;8;2020;1;RMBH;1
310620;BELO HORIZONTE;TENTADO;1;9;2020;1;RMBH;2
315460;RIBEIRAO DAS NEVES;TENTADO;3;9;2020;2;RMBH;1
313910;MADRE DE DEUS DE MINAS;TENTADO;5;9;2020;13;-;1
316720;SETE LAGOAS;TENTADO;5;9;2020;19;-;1
317020;UBERLANDIA;TENTADO;5;9;2020;9;-;1
310110;AIMORES;TENTADO;6;9;2020;8;-;1
310620;BELO HORIZONTE;TENTADO;6;9;2020;1;RMBH;1
311230;CAPELINHA;TENTADO;7;9;2020;14;-;1
316255;SAO JOAO DO MANHUACU;TENTADO;9;9;2020;12;-;1
313630;JOAO PINHEIRO;TENTADO;12;9;2020;16;-;1
315210;PONTE NOVA;TENTADO;12;9;2020;12;-;1
310620;BELO HORIZONTE;TENTADO;15;9;2020;1;RMBH;1
310620;BELO HORIZONTE;TENTADO;16;9;2020;1;RMBH;1
312430;ESPINOSA;TENTADO;18;9;2020;11;-;1
310620;BELO HORIZONTE;TENTADO;19;9;2020;1;RMBH;1
312980;IBIRITE;TENTADO;20;9;2020;2;RMBH;1
313510;JANAUBA;TENTADO;20;9;2020;11;-;1
310350;ARAGUARI;TENTADO;21;9;2020;9;-;1
313130;IPATINGA;TENTADO;21;9;2020;12;-;1
314460;NEPOMUCENO;TENTADO;22;9;2020;6;-;1
316280;SAO JOAO EVANGELISTA;TENTADO;26;9;2020;8;-;1
310620;BELO HORIZONTE;TENTADO;27;9;2020;1;RMBH;1
313570;JEQUITIBA;TENTADO;27;9;2020;19;-;1
311860;CONTAGEM;TENTADO;30;9;2020;2;RMBH;1
310260;ANDRADAS;TENTADO;3;10;2020;18;-;1
311860;CONTAGEM;TENTADO;5;10;2020;2;RMBH;1
310860;BRASILIA DE MINAS;TENTADO;6;10;2020;11;-;1
312090;CURVELO;TENTADO;7;10;2020;14;-;1
313010;IGARAPE;TENTADO;10;10;2020;2;RMBH;1
310620;BELO HORIZONTE;TENTADO;12;10;2020;1;RMBH;1
310620;BELO HORIZONTE;TENTADO;14;10;2020;1;RMBH;1
311340;CARATINGA;TENTADO;14;10;2020;12;-;1
313505;JAIBA;TENTADO;14;10;2020;11;-;2
315460;RIBEIRAO DAS NEVES;TENTADO;16;10;2020;2;RMBH;1
312980;IBIRITE;TENTADO;18;10;2020;2;RMBH;1
311050;CAMANDUCAIA;TENTADO;25;10;2020;17;-;1
315460;RIBEIRAO DAS NEVES;TENTADO;27;10;2020;2;RMBH;1
310670;BETIM;TENTADO;31;10;2020;2;RMBH;1
314810;PATROCINIO;TENTADO;8;11;2020;10;-;1
315890;SANTANA DO MANHUACU;TENTADO;8;11;2020;12;-;1
310140;ALBERTINA;TENTADO;9;11;2020;17;-;1
312980;IBIRITE;TENTADO;9;11;2020;2;RMBH;2
313665;JUATUBA;TENTADO;9;11;2020;2;RMBH;1
313900;MACHADO;TENTADO;11;11;2020;18;-;1
310730;BOCAIUVA;TENTADO;12;11;2020;11;-;1
313040;IJACI;TENTADO;14;11;2020;6;-;1
310620;BELO HORIZONTE;TENTADO;15;11;2020;1;RMBH;1
315460;RIBEIRAO DAS NEVES;TENTADO;22;11;2020;2;RMBH;2
315120;PIRAPORA;TENTADO;23;11;2020;14;-;1
312800;GUANHAES;TENTADO;25;11;2020;8;-;1
310620;BELO HORIZONTE;TENTADO;26;11;2020;1;RMBH;1
310620;BELO HORIZONTE;TENTADO;28;11;2020;1;RMBH;1
310620;BELO HORIZONTE;TENTADO;29;11;2020;1;RMBH;1
311250;CAPIM BRANCO;TENTADO;30;11;2020;19;RMBH;1
311547;CATUTI;TENTADO;1;12;2020;11;-;1
313240;ITAJUBA;TENTADO;1;12;2020;17;-;1
310840;BOTELHOS;TENTADO;6;12;2020;18;-;1
313920;MALACACHETA;TENTADO;6;12;2020;15;-;1
310620;BELO HORIZONTE;TENTADO;7;12;2020;1;RMBH;1
314780;PASSA VINTE;TENTADO;9;12;2020;17;-;1
311450;CARMOPOLIS DE MINAS;TENTADO;12;12;2020;6;-;1
311120;CAMPO BELO;TENTADO;15;12;2020;6;-;1
313250;ITAMARANDIBA;TENTADO;17;12;2020;14;-;1
310620;BELO HORIZONTE;TENTADO;20;12;2020;1;RMBH;1
311800;CONGONHAS;TENTADO;21;12;2020;13;-;1
313670;JUIZ DE FORA;TENTADO;22;12;2020;4;-;1
315250;POUSO ALEGRE;TENTADO;24;12;2020;17;-;1
314180;MINAS NOVAS;TENTADO;25;12;2020;14;-;1
311860;CONTAGEM;TENTADO;1;1;2021;2;RMBH;1
312230;DIVINOPOLIS;TENTADO;2;1;2021;7;-;1
313420;ITUIUTABA;TENTADO;5;1;2021;9;-;1
310350;ARAGUARI;TENTADO;18;1;2021;9;-;1
313370;ITATIAIUCU;TENTADO;18;1;2021;7;RMBH;1
316720;SETE LAGOAS;TENTADO;19;1;2021;19;-;1
310620;BELO HORIZONTE;TENTADO;21;1;2021;1;RMBH;1
317010;UBERABA;TENTADO;21;1;2021;5;-;1
310790;BOM REPOUSO;TENTADO;22;1;2021;17;-;1
317100;VAZANTE;TENTADO;22;1;2021;16;-;1
313360;ITAPEVA;TENTADO;25;1;2021;17;-;1
311860;CONTAGEM;TENTADO;29;1;2021;2;RMBH;1
315460;RIBEIRAO DAS NEVES;TENTADO;31;1;2021;2;RMBH;1
316292;SAO JOAQUIM DE BICAS;TENTADO;1;2;2021;2;RMBH;1
317020;UBERLANDIA;TENTADO;1;2;2021;9;-;1
311130;CAMPO DO MEIO;TENTADO;2;2;2021;18;-;1
317010;UBERABA;TENTADO;3;2;2021;5;-;1
315780;SANTA LUZIA;TENTADO;4;2;2021;3;RMBH;1
313130;IPATINGA;TENTADO;5;2;2021;12;-;1
314015;MARIO CAMPOS;TENTADO;5;2;2021;2;RMBH;1
310160;ALFENAS;TENTADO;8;2;2021;18;-;1
310620;BELO HORIZONTE;TENTADO;13;2;2021;1;RMBH;1
314990;PERDOES;TENTADO;14;2;2021;6;-;1
311860;CONTAGEM;TENTADO;18;2;2021;2;RMBH;1
316720;SETE LAGOAS;TENTADO;18;2;2021;19;-;1
315270;PRADOS;TENTADO;22;2;2021;13;-;1
311860;CONTAGEM;TENTADO;25;2;2021;2;RMBH;1
311860;CONTAGEM;TENTADO;27;2;2021;2;RMBH;1
315460;RIBEIRAO DAS NEVES;TENTADO;27;2;2021;2;RMBH;1
311860;CONTAGEM;TENTADO;2;3;2021;2;RMBH;1
313940;MANHUACU;TENTADO;2;3;2021;12;-;1
314800;PATOS DE MINAS;TENTADO;9;3;2021;10;-;1
315760;SANTA FE DE MINAS;TENTADO;11;3;2021;14;-;1
310620;BELO HORIZONTE;TENTADO;13;3;2021;1;RMBH;1
315180;POCOS DE CALDAS;TENTADO;13;3;2021;18;-;1
317020;UBERLANDIA;TENTADO;13;3;2021;9;-;1
310670;BETIM;TENTADO;14;3;2021;2;RMBH;1
314280;MONTE ALEGRE DE MINAS;TENTADO;19;3;2021;9;-;1
310450;ARINOS;TENTADO;20;3;2021;16;-;1
315460;RIBEIRAO DAS NEVES;TENTADO;21;3;2021;2;RMBH;1
314070;MATEUS LEME;TENTADO;22;3;2021;2;RMBH;2
310665;BERIZAL;TENTADO;24;3;2021;11;-;1
312770;GOVERNADOR VALADARES;TENTADO;24;3;2021;8;-;1
310620;BELO HORIZONTE;TENTADO;27;3;2021;1;RMBH;1
312330;DORES DO TURVO;TENTADO;29;3;2021;4;-;2
313130;IPATINGA;TENTADO;29;3;2021;12;-;1
317180;VIRGINOPOLIS;TENTADO;31;3;2021;8;-;1
311860;CONTAGEM;TENTADO;3;4;2021;2;RMBH;1
317020;UBERLANDIA;TENTADO;4;4;2021;9;-;1
315460;RIBEIRAO DAS NEVES;TENTADO;6;4;2021;2;RMBH;1
312710;FRUTAL;TENTADO;7;4;2021;5;-;1
310730;BOCAIUVA;TENTADO;12;4;2021;11;-;1
312770;GOVERNADOR VALADARES;TENTADO;13;4;2021;8;-;1
314330;MONTES CLAROS;TENTADO;16;4;2021;11;-;1
312160;DIAMANTINA;TENTADO;19;4;2021;14;-;1
311580;CENTRALINA;TENTADO;20;4;2021;9;-;1
310620;BELO HORIZONTE;TENTADO;26;4;2021;1;RMBH;1
312410;ESMERALDAS;TENTADO;28;4;2021;2;RMBH;1
313710;LAGAMAR;TENTADO;28;4;2021;10;-;1
311860;CONTAGEM;TENTADO;1;5;2021;2;RMBH;1
311880;CORACAO DE JESUS;TENTADO;2;5;2021;11;-;1
313520;JANUARIA;TENTADO;2;5;2021;11;-;1
313920;MALACACHETA;TENTADO;5;5;2021;15;-;1
310620;BELO HORIZONTE;TENTADO;10;5;2021;1;RMBH;1
313380;ITAUNA;TENTADO;10;5;2021;7;-;1
310670;BETIM;TENTADO;15;5;2021;2;RMBH;1
316990;UBA;TENTADO;15;5;2021;4;-;1
316805;TAPARUBA;TENTADO;16;5;2021;12;-;1
314480;NOVA LIMA;TENTADO;19;5;2021;3;RMBH;1
310620;BELO HORIZONTE;TENTADO;20;5;2021;1;RMBH;1
311110;CAMPINA VERDE;TENTADO;21;5;2021;5;-;1
313510;JANAUBA;TENTADO;22;5;2021;11;-;1
314800;PATOS DE MINAS;TENTADO;23;5;2021;10;-;2
315460;RIBEIRAO DAS NEVES;TENTADO;29;5;2021;2;RMBH;1
312980;IBIRITE;TENTADO;30;5;2021;2;RMBH;1
314610;OURO PRETO;TENTADO;31;5;2021;3;-;1
316720;SETE LAGOAS;TENTADO;2;6;2021;19;-;2
310620;BELO HORIZONTE;TENTADO;5;6;2021;1;RMBH;1
314800;PATOS DE MINAS;TENTADO;5;6;2021;10;-;1
310620;BELO HORIZONTE;TENTADO;6;6;2021;1;RMBH;1
316250;SAO JOAO DEL REI;TENTADO;6;6;2021;13;-;1
315700;SALINAS;TENTADO;12;6;2021;11;-;1
310620;BELO HORIZONTE;TENTADO;29;6;2021;1;RMBH;1
315250;POUSO ALEGRE;TENTADO;5;7;2021;17;-;1
310930;BURITIS;TENTADO;6;7;2021;16;-;1
317020;UBERLANDIA;TENTADO;8;7;2021;9;-;1
311860;CONTAGEM;TENTADO;10;7;2021;2;RMBH;1
316990;UBA;TENTADO;17;7;2021;4;-;2
316250;SAO JOAO DEL REI;TENTADO;18;7;2021;13;-;1
316720;SETE LAGOAS;TENTADO;18;7;2021;19;-;1
316560;SENADOR CORTES;TENTADO;21;7;2021;4;-;1
310060;AGUA BOA;TENTADO;25;7;2021;14;-;1
317020;UBERLANDIA;TENTADO;27;7;2021;9;-;1
310350;ARAGUARI;TENTADO;29;7;2021;9;-;1
314690;PAPAGAIOS;TENTADO;31;7;2021;7;-;1
317020;UBERLANDIA;TENTADO;31;7;2021;9;-;1
310620;BELO HORIZONTE;TENTADO;2;8;2021;1;RMBH;1
313670;JUIZ DE FORA;TENTADO;7;8;2021;4;-;1
314330;MONTES CLAROS;TENTADO;8;8;2021;11;-;1
310620;BELO HORIZONTE;TENTADO;9;8;2021;1;RMBH;1
311930;COROMANDEL;TENTADO;9;8;2021;10;-;1
316810;TAPIRA;TENTADO;9;8;2021;5;-;1
314310;MONTE CARMELO;TENTADO;10;8;2021;10;-;1
315460;RIBEIRAO DAS NEVES;TENTADO;10;8;2021;2;RMBH;1
314620;OURO VERDE DE MINAS;TENTADO;11;8;2021;15;-;1
317120;VESPASIANO;TENTADO;12;8;2021;3;RMBH;1
311840;CONSELHEIRO PENA;TENTADO;13;8;2021;8;-;1
310110;AIMORES;TENTADO;15;8;2021;8;-;1
314390;MURIAE;TENTADO;15;8;2021;4;-;1
310620;BELO HORIZONTE;TENTADO;21;8;2021;1;RMBH;1
310670;BETIM;TENTADO;25;8;2021;2;RMBH;1
311120;CAMPO BELO;TENTADO;28;8;2021;6;-;1
313260;ITAMARATI DE MINAS;TENTADO;29;8;2021;4;-;1
310620;BELO HORIZONTE;TENTADO;31;8;2021;1;RMBH;1
310620;BELO HORIZONTE;TENTADO;1;9;2021;1;RMBH;1
316260;SAO JOAO DO ORIENTE;TENTADO;7;9;2021;12;-;1
310620;BELO HORIZONTE;TENTADO;9;9;2021;1;RMBH;1
313760;LAGOA SANTA;TENTADO;11;9;2021;3;RMBH;1
311940;CORONEL FABRICIANO;TENTADO;12;9;2021;12;-;1
313220;ITAGUARA;TENTADO;12;9;2021;2;RMBH;1
312160;DIAMANTINA;TENTADO;16;9;2021;14;-;1
310220;ALVARENGA;TENTADO;18;9;2021;8;-;1
317020;UBERLANDIA;TENTADO;23;9;2021;9;-;1
316695;SERRANOPOLIS DE MINAS;TENTADO;23;9;2021;11;-;1
313430;ITUMIRIM;TENTADO;24;9;2021;6;-;1
311860;CONTAGEM;TENTADO;25;9;2021;2;RMBH;1
314620;OURO VERDE DE MINAS;TENTADO;30;9;2021;15;-;1
310670;BETIM;TENTADO;2;10;2021;2;RMBH;1
310630;BELO ORIENTE;TENTADO;3;10;2021;12;-;1
313170;ITABIRA;TENTADO;10;10;2021;12;-;1
314810;PATROCINIO;TENTADO;10;10;2021;10;-;1
311860;CONTAGEM;TENTADO;11;10;2021;2;RMBH;1
313130;IPATINGA;TENTADO;12;10;2021;12;-;1
315445;RIACHINHO;TENTADO;12;10;2021;16;-;1
313430;ITUMIRIM;TENTADO;12;10;2021;6;-;1
317020;UBERLANDIA;TENTADO;14;10;2021;9;-;1
310260;ANDRADAS;TENTADO;16;10;2021;18;-;1
310620;BELO HORIZONTE;TENTADO;17;10;2021;1;RMBH;1
310620;BELO HORIZONTE;TENTADO;19;10;2021;1;RMBH;1
311860;CONTAGEM;TENTADO;19;10;2021;2;RMBH;1
314080;MATIAS BARBOSA;TENTADO;19;10;2021;4;-;1
310390;ARAUJOS;TENTADO;25;10;2021;7;-;2
313670;JUIZ DE FORA;TENTADO;26;10;2021;4;-;1
313670;JUIZ DE FORA;TENTADO;30;10;2021;4;-;1
317010;UBERABA;CONSUMADO;1;1;2018;5;-;1
312540;FELICIO DOS SANTOS;CONSUMADO;6;1;2018;14;-;1
311510;CASSIA;CONSUMADO;7;1;2018;18;-;1
314000;MARIANA;CONSUMADO;7;1;2018;3;-;1
315890;SANTANA DO MANHUACU;CONSUMADO;12;1;2018;12;-;1
317010;UBERABA;CONSUMADO;15;1;2018;5;-;2
312100;DATAS;CONSUMADO;28;1;2018;14;-;1
317020;UBERLANDIA;CONSUMADO;30;1;2018;9;-;1
311860;CONTAGEM;CONSUMADO;6;2;2018;2;RMBH;1
310670;BETIM;CONSUMADO;7;2;2018;2;RMBH;1
313170;ITABIRA;CONSUMADO;11;2;2018;12;-;2
310620;BELO HORIZONTE;CONSUMADO;13;2;2018;1;RMBH;1
317010;UBERABA;CONSUMADO;13;2;2018;5;-;1
317200;VISCONDE DO RIO BRANCO;CONSUMADO;15;2;2018;4;-;1
314530;NOVO CRUZEIRO;CONSUMADO;17;2;2018;15;-;1
313750;LAGOA FORMOSA;CONSUMADO;19;2;2018;10;-;1
317010;UBERABA;CONSUMADO;21;2;2018;5;-;1
313520;JANUARIA;CONSUMADO;2;3;2018;11;-;3
313940;MANHUACU;CONSUMADO;4;3;2018;12;-;1
316245;SAO JOAO DAS MISSOES;CONSUMADO;5;3;2018;11;-;1
312980;IBIRITE;CONSUMADO;7;3;2018;2;RMBH;1
312450;ESTIVA;CONSUMADO;8;3;2018;17;-;1
310930;BURITIS;CONSUMADO;19;3;2018;16;-;1
311860;CONTAGEM;CONSUMADO;19;3;2018;2;RMBH;1
311860;CONTAGEM;CONSUMADO;27;3;2018;2;RMBH;1
312490;EUGENOPOLIS;CONSUMADO;29;3;2018;4;-;1
315420;RESENDE COSTA;CONSUMADO;29;3;2018;13;-;1
310090;AGUAS FORMOSAS;CONSUMADO;30;3;2018;15;-;1
315850;SANTANA DE PIRAPAMA;CONSUMADO;6;4;2018;19;-;1
313940;MANHUACU;CONSUMADO;10;4;2018;12;-;1
313760;LAGOA SANTA;CONSUMADO;11;4;2018;3;RMBH;1
316070;SANTOS DUMONT;CONSUMADO;14;4;2018;13;-;1
311660;CLAUDIO;CONSUMADO;16;4;2018;7;-;1
311750;CONCEICAO DO MATO DENTRO;CONSUMADO;16;4;2018;14;-;1
316070;SANTOS DUMONT;CONSUMADO;16;4;2018;13;-;1
311110;CAMPINA VERDE;CONSUMADO;20;4;2018;5;-;1
315920;SANTA RITA DE CALDAS;CONSUMADO;20;4;2018;18;-;1
312090;CURVELO;CONSUMADO;23;4;2018;14;-;1
316420;SAO ROMAO;CONSUMADO;30;4;2018;14;-;1
313960;MANTENA;CONSUMADO;3;5;2018;8;-;1
314860;PECANHA;CONSUMADO;6;5;2018;8;-;1
316720;SETE LAGOAS;CONSUMADO;6;5;2018;19;-;1
310160;ALFENAS;CONSUMADO;11;5;2018;18;-;1
315895;SANTANA DO PARAISO;CONSUMADO;13;5;2018;12;-;1
311860;CONTAGEM;CONSUMADO;15;5;2018;2;RMBH;1
311860;CONTAGEM;CONSUMADO;16;5;2018;2;RMBH;1
313820;LAVRAS;CONSUMADO;17;5;2018;6;-;1
314180;MINAS NOVAS;CONSUMADO;17;5;2018;14;-;1
310620;BELO HORIZONTE;CONSUMADO;18;5;2018;1;RMBH;1
315630;RODEIRO;CONSUMADO;20;5;2018;4;-;1
311420;CARMO DO CAJURU;CONSUMADO;24;5;2018;7;-;1
317200;VISCONDE DO RIO BRANCO;CONSUMADO;25;5;2018;4;-;1
312310;DORES DE GUANHAES;CONSUMADO;9;6;2018;8;-;1
316292;SAO JOAQUIM DE BICAS;CONSUMADO;9;6;2018;2;RMBH;1
317120;VESPASIANO;CONSUMADO;9;6;2018;3;RMBH;1
313820;LAVRAS;CONSUMADO;13;6;2018;6;-;1
315320;PRESIDENTE JUSCELINO;CONSUMADO;17;6;2018;14;-;1
312420;ESPERA FELIZ;CONSUMADO;18;6;2018;12;-;1
314480;NOVA LIMA;CONSUMADO;1;7;2018;3;RMBH;1
317070;VARGINHA;CONSUMADO;8;7;2018;6;-;1
317200;VISCONDE DO RIO BRANCO;CONSUMADO;10;7;2018;4;-;1
313700;LADAINHA;CONSUMADO;12;7;2018;15;-;1
316100;SAO DOMINGOS DO PRATA;CONSUMADO;14;7;2018;12;-;1
311545;CATUJI;CONSUMADO;20;7;2018;15;-;1
313580;JEQUITINHONHA;CONSUMADO;20;7;2018;15;-;1
316940;TRES PONTAS;CONSUMADO;20;7;2018;6;-;1
310620;BELO HORIZONTE;CONSUMADO;24;7;2018;1;RMBH;1
312510;EXTREMA;CONSUMADO;24;7;2018;17;-;1
313060;INCONFIDENTES;CONSUMADO;26;7;2018;17;-;1
310210;ALTO RIO DOCE;CONSUMADO;29;7;2018;13;-;1
311230;CAPELINHA;CONSUMADO;1;8;2018;14;-;1
312820;GUARACIABA;CONSUMADO;3;8;2018;12;-;1
314930;PEDRO LEOPOLDO;CONSUMADO;4;8;2018;19;RMBH;1
312770;GOVERNADOR VALADARES;CONSUMADO;6;8;2018;8;-;1
311860;CONTAGEM;CONSUMADO;9;8;2018;2;RMBH;1
310620;BELO HORIZONTE;CONSUMADO;19;8;2018;1;RMBH;1
311860;CONTAGEM;CONSUMADO;19;8;2018;2;RMBH;1
310940;BURITIZEIRO;CONSUMADO;20;8;2018;14;-;1
312230;DIVINOPOLIS;CONSUMADO;20;8;2018;7;-;1
315250;POUSO ALEGRE;CONSUMADO;22;8;2018;17;-;1
312770;GOVERNADOR VALADARES;CONSUMADO;23;8;2018;8;-;1
312410;ESMERALDAS;CONSUMADO;26;8;2018;2;RMBH;1
314330;MONTES CLAROS;CONSUMADO;27;8;2018;11;-;1
313470;JACINTO;CONSUMADO;1;9;2018;15;-;1
314520;NOVA SERRANA;CONSUMADO;2;9;2018;7;-;1
310150;ALEM PARAIBA;CONSUMADO;3;9;2018;4;-;1
315780;SANTA LUZIA;CONSUMADO;4;9;2018;3;RMBH;1
316553;SARZEDO;CONSUMADO;5;9;2018;2;RMBH;1
311340;CARATINGA;CONSUMADO;6;9;2018;12;-;1
311260;CAPINOPOLIS;CONSUMADO;7;9;2018;9;-;1
314400;MUTUM;CONSUMADO;7;9;2018;12;-;1
310620;BELO HORIZONTE;CONSUMADO;12;9;2018;1;RMBH;1
315600;RIO VERMELHO;CONSUMADO;13;9;2018;8;-;1
312870;GUAXUPE;CONSUMADO;14;9;2018;18;-;1
313510;JANAUBA;CONSUMADO;15;9;2018;11;-;1
314330;MONTES CLAROS;CONSUMADO;16;9;2018;11;-;1
314810;PATROCINIO;CONSUMADO;18;9;2018;10;-;1
314800;PATOS DE MINAS;CONSUMADO;23;9;2018;10;-;1
311230;CAPELINHA;CONSUMADO;25;9;2018;14;-;1
310020;ABAETE;CONSUMADO;26;9;2018;7;-;1
313550;JEQUERI;CONSUMADO;27;9;2018;12;-;1
313210;ITACARAMBI;CONSUMADO;28;9;2018;11;-;1
312230;DIVINOPOLIS;CONSUMADO;30;9;2018;7;-;1
315680;SABINOPOLIS;CONSUMADO;1;10;2018;8;-;1
317020;UBERLANDIA;CONSUMADO;2;10;2018;9;-;1
310400;ARAXA;CONSUMADO;3;10;2018;5;-;2
314930;PEDRO LEOPOLDO;CONSUMADO;4;10;2018;19;RMBH;1
310620;BELO HORIZONTE;CONSUMADO;6;10;2018;1;RMBH;1
311860;CONTAGEM;CONSUMADO;12;10;2018;2;RMBH;3
313940;MANHUACU;CONSUMADO;14;10;2018;12;-;1
313670;JUIZ DE FORA;CONSUMADO;16;10;2018;4;-;1
316210;SAO GOTARDO;CONSUMADO;20;10;2018;10;-;1
310900;BRUMADINHO;CONSUMADO;21;10;2018;2;RMBH;1
313770;LAJINHA;CONSUMADO;23;10;2018;12;-;1
311430;CARMO DO PARANAIBA;CONSUMADO;27;10;2018;10;-;1
310670;BETIM;CONSUMADO;29;10;2018;2;RMBH;1
314530;NOVO CRUZEIRO;CONSUMADO;29;10;2018;15;-;1
313300;ITAMONTE;CONSUMADO;30;10;2018;17;-;1
313380;ITAUNA;CONSUMADO;1;11;2018;7;-;1
316990;UBA;CONSUMADO;1;11;2018;4;-;1
314390;MURIAE;CONSUMADO;6;11;2018;4;-;1
314150;MENDES PIMENTEL;CONSUMADO;7;11;2018;8;-;1
314330;MONTES CLAROS;CONSUMADO;7;11;2018;11;-;2
316740;SILVIANOPOLIS;CONSUMADO;9;11;2018;17;-;4
315460;RIBEIRAO DAS NEVES;CONSUMADO;10;11;2018;2;RMBH;1
310620;BELO HORIZONTE;CONSUMADO;12;11;2018;1;RMBH;1
316070;SANTOS DUMONT;CONSUMADO;13;11;2018;13;-;1
310350;ARAGUARI;CONSUMADO;17;11;2018;9;-;2
311860;CONTAGEM;CONSUMADO;17;11;2018;2;RMBH;1
313920;MALACACHETA;CONSUMADO;20;11;2018;15;-;1
313650;JORDANIA;CONSUMADO;24;11;2018;15;-;1
313860;LIMA DUARTE;CONSUMADO;28;11;2018;4;-;2
315700;SALINAS;CONSUMADO;28;11;2018;11;-;1
312230;DIVINOPOLIS;CONSUMADO;30;11;2018;7;-;1
313180;ITABIRINHA;CONSUMADO;2;12;2018;8;-;1
316720;SETE LAGOAS;CONSUMADO;4;12;2018;19;-;1
316720;SETE LAGOAS;CONSUMADO;5;12;2018;19;-;1
312100;DATAS;CONSUMADO;13;12;2018;14;-;1
310730;BOCAIUVA;CONSUMADO;14;12;2018;11;-;1
313460;JABOTICATUBAS;CONSUMADO;14;12;2018;3;RMBH;1
316680;SERRA DO SALITRE;CONSUMADO;18;12;2018;10;-;1
313180;ITABIRINHA;CONSUMADO;21;12;2018;8;-;1
317020;UBERLANDIA;CONSUMADO;21;12;2018;9;-;1
313010;IGARAPE;CONSUMADO;25;12;2018;2;RMBH;1
314480;NOVA LIMA;CONSUMADO;4;1;2019;3;RMBH;1
314310;MONTE CARMELO;CONSUMADO;5;1;2019;10;-;1
317160;VIRGEM DA LAPA;CONSUMADO;5;1;2019;15;-;1
312670;FRANCISCO SA;CONSUMADO;6;1;2019;11;-;1
312410;ESMERALDAS;CONSUMADO;10;1;2019;2;RMBH;1
312610;FORMIGA;CONSUMADO;10;1;2019;7;-;1
313040;IJACI;CONSUMADO;13;1;2019;6;-;1
311330;CARANGOLA;CONSUMADO;18;1;2019;4;-;1
313380;ITAUNA;CONSUMADO;21;1;2019;7;-;1
310400;ARAXA;CONSUMADO;26;1;2019;5;-;1
313420;ITUIUTABA;CONSUMADO;26;1;2019;9;-;1
313010;IGARAPE;CONSUMADO;28;1;2019;2;RMBH;1
310670;BETIM;CONSUMADO;1;2;2019;2;RMBH;1
315057;PINTOPOLIS;CONSUMADO;3;2;2019;11;-;1
310370;ARAPONGA;CONSUMADO;4;2;2019;4;-;1
316720;SETE LAGOAS;CONSUMADO;9;2;2019;19;-;1
310620;BELO HORIZONTE;CONSUMADO;10;2;2019;1;RMBH;1
311680;COLUNA;CONSUMADO;10;2;2019;8;-;1
314110;MATOZINHOS;CONSUMADO;15;2;2019;19;RMBH;1
314960;PEQUI;CONSUMADO;18;2;2019;7;-;1
312820;GUARACIABA;CONSUMADO;21;2;2019;12;-;1
314330;MONTES CLAROS;CONSUMADO;21;2;2019;11;-;1
310560;BARBACENA;CONSUMADO;22;2;2019;13;-;1
316250;SAO JOAO DEL REI;CONSUMADO;3;3;2019;13;-;1
310740;BOM DESPACHO;CONSUMADO;6;3;2019;7;-;1
310620;BELO HORIZONTE;CONSUMADO;8;3;2019;1;RMBH;1
310670;BETIM;CONSUMADO;8;3;2019;2;RMBH;1
310620;BELO HORIZONTE;CONSUMADO;22;3;2019;1;RMBH;1
310620;BELO HORIZONTE;CONSUMADO;24;3;2019;1;RMBH;1
310450;ARINOS;CONSUMADO;27;3;2019;16;-;1
312980;IBIRITE;CONSUMADO;28;3;2019;2;RMBH;1
313420;ITUIUTABA;CONSUMADO;30;3;2019;9;-;1
310560;BARBACENA;CONSUMADO;8;4;2019;13;-;1
314180;MINAS NOVAS;CONSUMADO;12;4;2019;14;-;1
317070;VARGINHA;CONSUMADO;15;4;2019;6;-;1
312510;EXTREMA;CONSUMADO;16;4;2019;17;-;1
315700;SALINAS;CONSUMADO;17;4;2019;11;-;1
313950;MANHUMIRIM;CONSUMADO;18;4;2019;12;-;1
310620;BELO HORIZONTE;CONSUMADO;22;4;2019;1;RMBH;1
314655;PAI PEDRO;CONSUMADO;23;4;2019;11;-;1
310780;BOM JESUS DO GALHO;CONSUMADO;24;4;2019;12;-;1
313370;ITATIAIUCU;CONSUMADO;25;4;2019;7;RMBH;1
310710;BOA ESPERANCA;CONSUMADO;28;4;2019;6;-;1
315460;RIBEIRAO DAS NEVES;CONSUMADO;28;4;2019;2;RMBH;1
314180;MINAS NOVAS;CONSUMADO;1;5;2019;14;-;1
312550;SAO GONCALO DO RIO PRETO;CONSUMADO;2;5;2019;14;-;1
315200;POMPEU;CONSUMADO;16;5;2019;7;-;1
314390;MURIAE;CONSUMADO;17;5;2019;4;-;1
315330;PRESIDENTE KUBITSCHEK;CONSUMADO;17;5;2019;14;-;1
313400;ITINGA;CONSUMADO;18;5;2019;15;-;1
313520;JANUARIA;CONSUMADO;19;5;2019;11;-;1
312770;GOVERNADOR VALADARES;CONSUMADO;20;5;2019;8;-;1
315200;POMPEU;CONSUMADO;22;5;2019;7;-;1
313380;ITAUNA;CONSUMADO;25;5;2019;7;-;1
313410;ITUETA;CONSUMADO;26;5;2019;8;-;1
311670;COIMBRA;CONSUMADO;29;5;2019;4;-;1
313940;MANHUACU;CONSUMADO;30;5;2019;12;-;1
316860;TEOFILO OTONI;CONSUMADO;31;5;2019;15;-;1
310620;BELO HORIZONTE;CONSUMADO;11;6;2019;1;RMBH;1
314370;MORRO DO PILAR;CONSUMADO;13;6;2019;14;-;1
310210;ALTO RIO DOCE;CONSUMADO;17;6;2019;13;-;1
311440;CARMO DO RIO CLARO;CONSUMADO;20;6;2019;18;-;1
314535;NOVO ORIENTE DE MINAS;CONSUMADO;21;6;2019;15;-;1
310110;AIMORES;CONSUMADO;23;6;2019;8;-;1
310400;ARAXA;CONSUMADO;23;6;2019;5;-;1
316770;SOBRALIA;CONSUMADO;23;6;2019;8;-;1
313240;ITAJUBA;CONSUMADO;24;6;2019;17;-;1
314435;NAQUE;CONSUMADO;28;6;2019;12;-;1
310300;ANTONIO DIAS;CONSUMADO;5;7;2019;12;-;1
313670;JUIZ DE FORA;CONSUMADO;8;7;2019;4;-;1
317010;UBERABA;CONSUMADO;8;7;2019;5;-;1
313820;LAVRAS;CONSUMADO;14;7;2019;6;-;1
314110;MATOZINHOS;CONSUMADO;15;7;2019;19;RMBH;1
313170;ITABIRA;CONSUMADO;18;7;2019;12;-;1
313520;JANUARIA;CONSUMADO;18;7;2019;11;-;1
310230;ALVINOPOLIS;CONSUMADO;25;7;2019;12;-;1
313190;ITABIRITO;CONSUMADO;27;7;2019;3;-;1
310620;BELO HORIZONTE;CONSUMADO;29;7;2019;1;RMBH;1
315960;SANTA RITA DO SAPUCAI;CONSUMADO;30;7;2019;17;-;1
312770;GOVERNADOR VALADARES;CONSUMADO;8;8;2019;8;-;1
317043;UNIAO DE MINAS;CONSUMADO;8;8;2019;5;-;1
312707;FRUTA DE LEITE;CONSUMADO;11;8;2019;11;-;1
315780;SANTA LUZIA;CONSUMADO;11;8;2019;3;RMBH;1
310620;BELO HORIZONTE;CONSUMADO;16;8;2019;1;RMBH;1
311860;CONTAGEM;CONSUMADO;25;8;2019;2;RMBH;1
317020;UBERLANDIA;CONSUMADO;26;8;2019;9;-;1
310620;BELO HORIZONTE;CONSUMADO;29;8;2019;1;RMBH;1
312352;DURANDE;CONSUMADO;3;9;2019;12;-;1
310620;BELO HORIZONTE;CONSUMADO;4;9;2019;1;RMBH;1
310620;BELO HORIZONTE;CONSUMADO;7;9;2019;1;RMBH;2
315460;RIBEIRAO DAS NEVES;CONSUMADO;7;9;2019;2;RMBH;1
314700;PARACATU;CONSUMADO;9;9;2019;16;-;1
316750;SIMAO PEREIRA;CONSUMADO;10;9;2019;4;-;1
316920;TOMBOS;CONSUMADO;10;9;2019;4;-;1
311120;CAMPO BELO;CONSUMADO;13;9;2019;6;-;1
310620;BELO HORIZONTE;CONSUMADO;15;9;2019;1;RMBH;1
315140;PITANGUI;CONSUMADO;17;9;2019;7;-;1
313820;LAVRAS;CONSUMADO;19;9;2019;6;-;1
316990;UBA;CONSUMADO;19;9;2019;4;-;1
312710;FRUTAL;CONSUMADO;21;9;2019;5;-;1
310620;BELO HORIZONTE;CONSUMADO;22;9;2019;1;RMBH;1
315430;RESPLENDOR;CONSUMADO;25;9;2019;8;-;1
315140;PITANGUI;CONSUMADO;29;9;2019;7;-;1
313250;ITAMARANDIBA;CONSUMADO;3;10;2019;14;-;1
317010;UBERABA;CONSUMADO;6;10;2019;5;-;1
310590;BARROSO;CONSUMADO;8;10;2019;13;-;1
310620;BELO HORIZONTE;CONSUMADO;10;10;2019;1;RMBH;1
313520;JANUARIA;CONSUMADO;12;10;2019;11;-;1
310650;BERILO;CONSUMADO;13;10;2019;14;-;1
314320;MONTE SANTO DE MINAS;CONSUMADO;13;10;2019;18;-;1
314600;OURO FINO;CONSUMADO;16;10;2019;17;-;1
311760;CONCEICAO DO PARA;CONSUMADO;17;10;2019;7;-;1
314340;MONTE SIAO;CONSUMADO;17;10;2019;17;-;1
310620;BELO HORIZONTE;CONSUMADO;21;10;2019;1;RMBH;1
315460;RIBEIRAO DAS NEVES;CONSUMADO;21;10;2019;2;RMBH;1
314480;NOVA LIMA;CONSUMADO;22;10;2019;3;RMBH;1
315053;PINGO D'AGUA;CONSUMADO;29;10;2019;12;-;1
311340;CARATINGA;CONSUMADO;30;10;2019;12;-;1
316460;SAO SEBASTIAO DO OESTE;CONSUMADO;1;11;2019;7;-;1
317120;VESPASIANO;CONSUMADO;4;11;2019;3;RMBH;1
316990;UBA;CONSUMADO;8;11;2019;4;-;1
313170;ITABIRA;CONSUMADO;9;11;2019;12;-;1
315090;PIRANGUCU;CONSUMADO;10;11;2019;17;-;1
316860;TEOFILO OTONI;CONSUMADO;10;11;2019;15;-;1
310650;BERILO;CONSUMADO;23;11;2019;14;-;1
314315;MONTE FORMOSO;CONSUMADO;24;11;2019;15;-;1
316290;SAO JOAO NEPOMUCENO;CONSUMADO;26;11;2019;4;-;1
313360;ITAPEVA;CONSUMADO;27;11;2019;17;-;1
316250;SAO JOAO DEL REI;CONSUMADO;1;12;2019;13;-;1
313930;MANGA;CONSUMADO;3;12;2019;11;-;1
310620;BELO HORIZONTE;CONSUMADO;6;12;2019;1;RMBH;1
316180;SAO GONCALO DO PARA;CONSUMADO;8;12;2019;7;-;1
312200;DIVINO;CONSUMADO;10;12;2019;4;-;1
317040;UNAI;CONSUMADO;10;12;2019;16;-;1
314480;NOVA LIMA;CONSUMADO;19;12;2019;3;RMBH;1
313940;MANHUACU;CONSUMADO;21;12;2019;12;-;1
312230;DIVINOPOLIS;CONSUMADO;22;12;2019;7;-;1
312770;GOVERNADOR VALADARES;CONSUMADO;22;12;2019;8;-;1
312910;GURINHATA;CONSUMADO;22;12;2019;9;-;1
315340;PRESIDENTE OLEGARIO;CONSUMADO;25;12;2019;10;-;1
313460;JABOTICATUBAS;CONSUMADO;27;12;2019;3;RMBH;1
310730;BOCAIUVA;CONSUMADO;29;12;2019;11;-;1
313760;LAGOA SANTA;CONSUMADO;29;12;2019;3;RMBH;1
310945;CABECEIRA GRANDE;CONSUMADO;1;1;2020;16;-;1
315960;SANTA RITA DO SAPUCAI;CONSUMADO;2;1;2020;17;-;1
314290;MONTE AZUL;CONSUMADO;11;1;2020;11;-;1
311740;CONCEICAO DE IPANEMA;CONSUMADO;12;1;2020;12;-;1
314520;NOVA SERRANA;CONSUMADO;28;1;2020;7;-;1
315180;POCOS DE CALDAS;CONSUMADO;31;1;2020;18;-;1
311140;CAMPO FLORIDO;CONSUMADO;1;2;2020;5;-;1
310560;BARBACENA;CONSUMADO;4;2;2020;13;-;1
310620;BELO HORIZONTE;CONSUMADO;6;2;2020;1;RMBH;1
314860;PECANHA;CONSUMADO;8;2;2020;8;-;1
310950;CABO VERDE;CONSUMADO;10;2;2020;18;-;1
315120;PIRAPORA;CONSUMADO;13;2;2020;14;-;1
310620;BELO HORIZONTE;CONSUMADO;15;2;2020;1;RMBH;1
314790;PASSOS;CONSUMADO;16;2;2020;18;-;1
311860;CONTAGEM;CONSUMADO;19;2;2020;2;RMBH;1
312400;ERVALIA;CONSUMADO;20;2;2020;4;-;1
316030;SANTO ANTONIO DO JACINTO;CONSUMADO;20;2;2020;15;-;1
312230;DIVINOPOLIS;CONSUMADO;21;2;2020;7;-;1
314210;MIRADOURO;CONSUMADO;24;2;2020;4;-;1
310510;BAMBUI;CONSUMADO;28;2;2020;7;-;1
310670;BETIM;CONSUMADO;1;3;2020;2;RMBH;1
311995;CORREGO FUNDO;CONSUMADO;3;3;2020;7;-;1
317010;UBERABA;CONSUMADO;11;3;2020;5;-;1
313760;LAGOA SANTA;CONSUMADO;14;3;2020;3;RMBH;1
310870;BRAS PIRES;CONSUMADO;15;3;2020;4;-;1
310620;BELO HORIZONTE;CONSUMADO;16;3;2020;1;RMBH;1
310620;BELO HORIZONTE;CONSUMADO;17;3;2020;1;RMBH;1
310620;BELO HORIZONTE;CONSUMADO;23;3;2020;1;RMBH;1
315560;RIO PARDO DE MINAS;CONSUMADO;29;3;2020;11;-;1
314710;PARA DE MINAS;CONSUMADO;31;3;2020;7;-;1
310450;ARINOS;CONSUMADO;10;4;2020;16;-;1
316930;TRES CORACOES;CONSUMADO;11;4;2020;6;-;1
317020;UBERLANDIA;CONSUMADO;11;4;2020;9;-;1
310620;BELO HORIZONTE;CONSUMADO;13;4;2020;1;RMBH;1
310620;BELO HORIZONTE;CONSUMADO;15;4;2020;1;RMBH;1
312770;GOVERNADOR VALADARES;CONSUMADO;16;4;2020;8;-;1
317010;UBERABA;CONSUMADO;16;4;2020;5;-;1
314280;MONTE ALEGRE DE MINAS;CONSUMADO;22;4;2020;9;-;1
315980;SANTA VITORIA;CONSUMADO;22;4;2020;9;-;1
311290;CAPUTIRA;CONSUMADO;25;4;2020;12;-;1
311730;CONCEICAO DAS ALAGOAS;CONSUMADO;25;4;2020;5;-;1
311830;CONSELHEIRO LAFAIETE;CONSUMADO;26;4;2020;13;-;1
312250;DOM CAVATI;CONSUMADO;27;4;2020;12;-;1
311860;CONTAGEM;CONSUMADO;29;4;2020;2;RMBH;1
312450;ESTIVA;CONSUMADO;5;5;2020;17;-;1
311750;CONCEICAO DO MATO DENTRO;CONSUMADO;6;5;2020;14;-;1
311860;CONTAGEM;CONSUMADO;6;5;2020;2;RMBH;2
313470;JACINTO;CONSUMADO;6;5;2020;15;-;1
310620;BELO HORIZONTE;CONSUMADO;10;5;2020;1;RMBH;1
312230;DIVINOPOLIS;CONSUMADO;11;5;2020;7;-;1
314330;MONTES CLAROS;CONSUMADO;14;5;2020;11;-;1
312040;CRISTIANO OTONI;CONSUMADO;20;5;2020;13;-;1
317200;VISCONDE DO RIO BRANCO;CONSUMADO;29;5;2020;4;-;1
315250;POUSO ALEGRE;CONSUMADO;4;6;2020;17;-;1
310350;ARAGUARI;CONSUMADO;6;6;2020;9;-;1
313670;JUIZ DE FORA;CONSUMADO;11;6;2020;4;-;1
317010;UBERABA;CONSUMADO;11;6;2020;5;-;1
310600;BELA VISTA DE MINAS;CONSUMADO;13;6;2020;12;-;1
314330;MONTES CLAROS;CONSUMADO;13;6;2020;11;-;1
313020;IGARATINGA;CONSUMADO;16;6;2020;7;-;1
311830;CONSELHEIRO LAFAIETE;CONSUMADO;18;6;2020;13;-;1
312410;ESMERALDAS;CONSUMADO;18;6;2020;2;RMBH;1
314140;MEDINA;CONSUMADO;18;6;2020;15;-;1
312090;CURVELO;CONSUMADO;19;6;2020;14;-;1
310620;BELO HORIZONTE;CONSUMADO;25;6;2020;1;RMBH;1
314710;PARA DE MINAS;CONSUMADO;27;6;2020;7;-;1
310710;BOA ESPERANCA;CONSUMADO;1;7;2020;6;-;1
314310;MONTE CARMELO;CONSUMADO;2;7;2020;10;-;1
312130;DESCOBERTO;CONSUMADO;3;7;2020;4;-;1
310630;BELO ORIENTE;CONSUMADO;4;7;2020;12;-;1
311860;CONTAGEM;CONSUMADO;6;7;2020;2;RMBH;1
314810;PATROCINIO;CONSUMADO;7;7;2020;10;-;1
312770;GOVERNADOR VALADARES;CONSUMADO;9;7;2020;8;-;1
313900;MACHADO;CONSUMADO;11;7;2020;18;-;1
310620;BELO HORIZONTE;CONSUMADO;15;7;2020;1;RMBH;1
313210;ITACARAMBI;CONSUMADO;18;7;2020;11;-;1
316870;TIMOTEO;CONSUMADO;19;7;2020;12;-;1
317010;UBERABA;CONSUMADO;19;7;2020;5;-;1
315780;SANTA LUZIA;CONSUMADO;24;7;2020;3;RMBH;1
315780;SANTA LUZIA;CONSUMADO;26;7;2020;3;RMBH;1
314740;PARAOPEBA;CONSUMADO;28;7;2020;19;-;1
316070;SANTOS DUMONT;CONSUMADO;31;7;2020;13;-;1
314140;MEDINA;CONSUMADO;1;8;2020;15;-;1
312260;DOM JOAQUIM;CONSUMADO;4;8;2020;14;-;1
312230;DIVINOPOLIS;CONSUMADO;5;8;2020;7;-;1
312710;FRUTAL;CONSUMADO;6;8;2020;5;-;1
313240;ITAJUBA;CONSUMADO;7;8;2020;17;-;1
316620;SENHORA DOS REMEDIOS;CONSUMADO;8;8;2020;13;-;1
314330;MONTES CLAROS;CONSUMADO;10;8;2020;11;-;1
314520;NOVA SERRANA;CONSUMADO;10;8;2020;7;-;1
311420;CARMO DO CAJURU;CONSUMADO;12;8;2020;7;-;1
317080;VARZEA DA PALMA;CONSUMADO;18;8;2020;14;-;1
313810;LASSANCE;CONSUMADO;25;8;2020;14;-;1
315895;SANTANA DO PARAISO;CONSUMADO;27;8;2020;12;-;1
313050;ILICINEA;CONSUMADO;29;8;2020;6;-;1
315430;RESPLENDOR;CONSUMADO;29;8;2020;8;-;1
310450;ARINOS;CONSUMADO;4;9;2020;16;-;1
313310;ITANHANDU;CONSUMADO;12;9;2020;17;-;1
316940;TRES PONTAS;CONSUMADO;14;9;2020;6;-;1
310620;BELO HORIZONTE;CONSUMADO;16;9;2020;1;RMBH;1
317040;UNAI;CONSUMADO;18;9;2020;16;-;1
311910;CORINTO;CONSUMADO;19;9;2020;14;-;1
310150;ALEM PARAIBA;CONSUMADO;21;9;2020;4;-;1
313670;JUIZ DE FORA;CONSUMADO;27;9;2020;4;-;1
313670;JUIZ DE FORA;CONSUMADO;1;10;2020;4;-;1
310290;ANTONIO CARLOS;CONSUMADO;2;10;2020;13;-;1
310620;BELO HORIZONTE;CONSUMADO;2;10;2020;1;RMBH;1
312705;FRONTEIRA DOS VALES;CONSUMADO;7;10;2020;15;-;1
312750;GONZAGA;CONSUMADO;7;10;2020;8;-;1
310620;BELO HORIZONTE;CONSUMADO;9;10;2020;1;RMBH;2
310490;BAEPENDI;CONSUMADO;10;10;2020;17;-;1
312230;DIVINOPOLIS;CONSUMADO;10;10;2020;7;-;1
313010;IGARAPE;CONSUMADO;14;10;2020;2;RMBH;1
310530;BANDEIRA DO SUL;CONSUMADO;18;10;2020;18;-;1
311860;CONTAGEM;CONSUMADO;21;10;2020;2;RMBH;1
310620;BELO HORIZONTE;CONSUMADO;25;10;2020;1;RMBH;1
317010;UBERABA;CONSUMADO;27;10;2020;5;-;1
311780;CONCEICAO DOS OUROS;CONSUMADO;30;10;2020;17;-;1
310620;BELO HORIZONTE;CONSUMADO;2;11;2020;1;RMBH;1
310140;ALBERTINA;CONSUMADO;9;11;2020;17;-;1
311710;CONCEICAO DA APARECIDA;CONSUMADO;10;11;2020;18;-;1
310800;BOM SUCESSO;CONSUMADO;13;11;2020;6;-;1
316860;TEOFILO OTONI;CONSUMADO;14;11;2020;15;-;1
312800;GUANHAES;CONSUMADO;15;11;2020;8;-;1
313950;MANHUMIRIM;CONSUMADO;16;11;2020;12;-;1
310710;BOA ESPERANCA;CONSUMADO;20;11;2020;6;-;1
316490;SAO SEBASTIAO DO RIO VERDE;CONSUMADO;22;11;2020;17;-;1
311080;CAMPANARIO;CONSUMADO;26;11;2020;15;-;1
311340;CARATINGA;CONSUMADO;28;11;2020;12;-;1
316370;SAO LOURENCO;CONSUMADO;28;11;2020;17;-;1
310840;BOTELHOS;CONSUMADO;30;11;2020;18;-;1
316610;SENHORA DO PORTO;CONSUMADO;4;12;2020;8;-;1
313510;JANAUBA;CONSUMADO;6;12;2020;11;-;1
310220;ALVARENGA;CONSUMADO;10;12;2020;8;-;1
312270;DOM SILVERIO;CONSUMADO;13;12;2020;12;-;1
314520;NOVA SERRANA;CONSUMADO;16;12;2020;7;-;1
310630;BELO ORIENTE;CONSUMADO;17;12;2020;12;-;1
313380;ITAUNA;CONSUMADO;19;12;2020;7;-;1
311110;CAMPINA VERDE;CONSUMADO;20;12;2020;5;-;1
316295;SAO JOSE DA LAPA;CONSUMADO;22;12;2020;3;RMBH;1
314350;MORADA NOVA DE MINAS;CONSUMADO;24;12;2020;7;-;1
314790;PASSOS;CONSUMADO;24;12;2020;18;-;1
312400;ERVALIA;CONSUMADO;25;12;2020;4;-;1
316930;TRES CORACOES;CONSUMADO;28;12;2020;6;-;1
313330;ITAOBIM;CONSUMADO;29;12;2020;15;-;1
313115;IPABA;CONSUMADO;30;12;2020;12;-;1
310340;ARACUAI;CONSUMADO;31;12;2020;15;-;1
313380;ITAUNA;CONSUMADO;3;1;2021;7;-;1
316250;SAO JOAO DEL REI;CONSUMADO;9;1;2021;13;-;1
313670;JUIZ DE FORA;CONSUMADO;10;1;2021;4;-;1
315720;SANTA BARBARA;CONSUMADO;12;1;2021;12;-;1
311860;CONTAGEM;CONSUMADO;14;1;2021;2;RMBH;1
317060;VARGEM BONITA;CONSUMADO;16;1;2021;18;-;1
310825;BONITO DE MINAS;CONSUMADO;17;1;2021;11;-;1
315400;RAUL SOARES;CONSUMADO;19;1;2021;12;-;1
311220;CAPELA NOVA;CONSUMADO;20;1;2021;13;-;1
317100;VAZANTE;CONSUMADO;22;1;2021;16;-;1
314080;MATIAS BARBOSA;CONSUMADO;24;1;2021;4;-;1
314140;MEDINA;CONSUMADO;2;2;2021;15;-;1
313130;IPATINGA;CONSUMADO;6;2;2021;12;-;1
310620;BELO HORIZONTE;CONSUMADO;12;2;2021;1;RMBH;1
310620;BELO HORIZONTE;CONSUMADO;22;2;2021;1;RMBH;1
314430;NANUQUE;CONSUMADO;22;2;2021;15;-;1
311830;CONSELHEIRO LAFAIETE;CONSUMADO;25;2;2021;13;-;1
313190;ITABIRITO;CONSUMADO;26;2;2021;3;-;1
316980;TURVOLANDIA;CONSUMADO;28;2;2021;17;-;1
317010;UBERABA;CONSUMADO;28;2;2021;5;-;1
316050;SANTO ANTONIO DO RIO ABAIXO;CONSUMADO;2;3;2021;14;-;1
314520;NOVA SERRANA;CONSUMADO;9;3;2021;7;-;1
310670;BETIM;CONSUMADO;13;3;2021;2;RMBH;1
313570;JEQUITIBA;CONSUMADO;13;3;2021;19;-;1
314467;NOVA BELEM;CONSUMADO;13;3;2021;8;-;1
313180;ITABIRINHA;CONSUMADO;18;3;2021;8;-;2
313420;ITUIUTABA;CONSUMADO;20;3;2021;9;-;1
314655;PAI PEDRO;CONSUMADO;20;3;2021;11;-;1
312235;DIVISA ALEGRE;CONSUMADO;23;3;2021;15;-;1
316720;SETE LAGOAS;CONSUMADO;27;3;2021;19;-;1
310620;BELO HORIZONTE;CONSUMADO;31;3;2021;1;RMBH;1
310620;BELO HORIZONTE;CONSUMADO;2;4;2021;1;RMBH;1
311800;CONGONHAS;CONSUMADO;2;4;2021;13;-;1
314980;PERDIZES;CONSUMADO;3;4;2021;5;-;1
316190;SAO GONCALO DO RIO ABAIXO;CONSUMADO;5;4;2021;12;-;1
310350;ARAGUARI;CONSUMADO;10;4;2021;9;-;1
313410;ITUETA;CONSUMADO;10;4;2021;8;-;1
315370;QUARTEL GERAL;CONSUMADO;11;4;2021;7;-;1
316720;SETE LAGOAS;CONSUMADO;11;4;2021;19;-;1
312380;ENGENHEIRO NAVARRO;CONSUMADO;14;4;2021;11;-;1
313220;ITAGUARA;CONSUMADO;17;4;2021;2;RMBH;1
310620;BELO HORIZONTE;CONSUMADO;18;4;2021;1;RMBH;1
314140;MEDINA;CONSUMADO;18;4;2021;15;-;1
311930;COROMANDEL;CONSUMADO;20;4;2021;10;-;1
313620;JOAO MONLEVADE;CONSUMADO;21;4;2021;12;-;1
315220;PORTEIRINHA;CONSUMADO;23;4;2021;11;-;1
316840;TARUMIRIM;CONSUMADO;25;4;2021;8;-;1
311300;CARAI;CONSUMADO;25;4;2021;15;-;1
315460;RIBEIRAO DAS NEVES;CONSUMADO;28;4;2021;2;RMBH;1
311340;CARATINGA;CONSUMADO;27;2;2021;12;-;1
314070;MATEUS LEME;CONSUMADO;19;4;2021;2;RMBH;1
317020;UBERLANDIA;CONSUMADO;8;5;2021;9;-;1
311300;CARAI;CONSUMADO;9;5;2021;15;-;1
311270;CAPITAO ENEIAS;CONSUMADO;12;5;2021;11;-;1
317020;UBERLANDIA;CONSUMADO;15;5;2021;9;-;1
310160;ALFENAS;CONSUMADO;15;5;2021;18;-;1
313380;ITAUNA;CONSUMADO;27;5;2021;7;-;1
311340;CARATINGA;CONSUMADO;28;5;2021;12;-;1
311650;CLARO DOS POCOES;CONSUMADO;28;5;2021;11;-;1
315120;PIRAPORA;CONSUMADO;29;5;2021;14;-;1
317040;UNAI;CONSUMADO;16;5;2021;16;-;1
310620;BELO HORIZONTE;CONSUMADO;25;1;2021;1;RMBH;1
313190;ITABIRITO;CONSUMADO;25;1;2021;3;-;1
311880;CORACAO DE JESUS;CONSUMADO;2;5;2021;11;-;1
316800;TAIOBEIRAS;CONSUMADO;1;6;2021;11;-;1
310520;BANDEIRA;CONSUMADO;14;6;2021;15;-;1
314700;PARACATU;CONSUMADO;15;6;2021;16;-;1
310620;BELO HORIZONTE;CONSUMADO;21;6;2021;1;RMBH;1
310620;BELO HORIZONTE;CONSUMADO;17;6;2021;1;RMBH;1
316990;UBA;CONSUMADO;3;6;2021;4;-;1
316930;TRES CORACOES;CONSUMADO;20;6;2021;6;-;1
310170;ALMENARA;CONSUMADO;30;6;2021;15;-;2
314630;PADRE PARAISO;CONSUMADO;5;5;2021;15;-;1
311160;CAMPOS GERAIS;CONSUMADO;30;3;2021;18;-;1
313010;IGARAPE;CONSUMADO;20;5;2021;2;RMBH;1
316410;SAO PEDRO DO SUACUI;CONSUMADO;11;7;2021;8;-;1
310500;BALDIM;CONSUMADO;11;7;2021;19;RMBH;1
310560;BARBACENA;CONSUMADO;12;7;2021;13;-;1
317100;VAZANTE;CONSUMADO;12;7;2021;16;-;1
310670;BETIM;CONSUMADO;16;7;2021;2;RMBH;1
315895;SANTANA DO PARAISO;CONSUMADO;23;7;2021;12;-;1
311680;COLUNA;CONSUMADO;24;7;2021;8;-;2
314160;MERCES;CONSUMADO;24;7;2021;4;-;1
315220;PORTEIRINHA;CONSUMADO;29;7;2021;11;-;1
313960;MANTENA;CONSUMADO;31;7;2021;8;-;1
316720;SETE LAGOAS;CONSUMADO;21;7;2021;19;-;1
312087;CURRAL DE DENTRO;CONSUMADO;21;7;2021;11;-;1
314290;MONTE AZUL;CONSUMADO;9;6;2021;11;-;2
313130;IPATINGA;CONSUMADO;11;8;2021;12;-;1
315780;SANTA LUZIA;CONSUMADO;14;8;2021;3;RMBH;1
311860;CONTAGEM;CONSUMADO;21;8;2021;2;RMBH;1
310570;BARRA LONGA;CONSUMADO;22;8;2021;12;-;1
310620;BELO HORIZONTE;CONSUMADO;28;8;2021;1;RMBH;2
316370;SAO LOURENCO;CONSUMADO;30;8;2021;17;-;1
314610;OURO PRETO;CONSUMADO;30;8;2021;3;-;1
310620;BELO HORIZONTE;CONSUMADO;17;7;2021;1;RMBH;1
310945;CABECEIRA GRANDE;CONSUMADO;1;8;2021;16;-;1
312320;DORES DO INDAIA;CONSUMADO;4;9;2021;7;-;1
312230;DIVINOPOLIS;CONSUMADO;10;9;2021;7;-;1
314810;PATROCINIO;CONSUMADO;17;9;2021;10;-;1
310620;BELO HORIZONTE;CONSUMADO;20;9;2021;1;RMBH;1
314310;MONTE CARMELO;CONSUMADO;20;9;2021;10;-;1
316070;SANTOS DUMONT;CONSUMADO;25;9;2021;13;-;1
317040;UNAI;CONSUMADO;25;9;2021;16;-;1
313320;ITANHOMI;CONSUMADO;29;9;2021;8;-;1
313580;JEQUITINHONHA;CONSUMADO;29;9;2021;15;-;1
311020;CAJURI;CONSUMADO;26;9;2021;4;-;1
315210;PONTE NOVA;CONSUMADO;14;9;2021;12;-;1
310620;BELO HORIZONTE;CONSUMADO;28;9;2021;1;RMBH;1
310560;BARBACENA;CONSUMADO;20;9;2020;13;-;1
310620;BELO HORIZONTE;CONSUMADO;8;10;2021;1;RMBH;1
310620;BELO HORIZONTE;CONSUMADO;25;10;2021;1;RMBH;1
313750;LAGOA FORMOSA;CONSUMADO;30;10;2021;10;-;1
312120;DELFINOPOLIS;CONSUMADO;27;8;2021;18;-;1
